ORDER_NUMBER,X1,X2,X3,X4,X5,X6,X7,X8,X9,X10,X11,X12,X13,X14,X15,X16,X17,X18,X19,X20,Y
N_53881,3,6,57,6,342,1,100,5,8.5,3.9,2.5,5.9,4.8,6.8,4.7,4.3,5,5.1,3.7,8,8.2
N_62863,3,2,35,2,70,0,13,5,8.2,2.7,5.1,7.2,3.4,5.3,5.5,4,3.9,4.3,4.9,6.5,5.7
N_81506,1,7,52,8,416,1,39,3,9.2,3.4,5.6,5.6,5.4,4.5,6.2,4.6,5.4,4,4.5,8.4,8.9
N_71621,2,2,95,3,285,1,48,5,6.4,3.3,7,3.7,4.7,8.8,7,3.6,4.3,4.1,3,6,4.8
N_56861,1,2,87,9,783,0,8,3,9,3.4,5.2,4.6,2.2,6.8,6.1,4.5,4.5,3.5,3.5,6.6,7.1
N_39553,1,8,14,3,42,1,1,4,6.5,2.8,3.1,4.1,4,8.5,5.1,9.5,3.6,4.7,3.3,6.3,4.7
N_21490,2,7,57,9,513,1,87,3,6.9,3.7,5,2.6,2.1,8.9,4.8,2.5,2.1,4.2,2,7.8,5.7
N_61984,2,2,73,2,146,1,24,5,6.2,3.3,3.9,4.8,4.6,6.9,5.4,4.8,4.3,6.3,3.7,5.8,6.3
N_57026,1,5,84,4,336,1,38,1,5.8,3.6,5.1,6.7,3.7,9.3,5.9,4.4,4.4,6.1,4.6,7.5,7
N_69844,3,5,40,3,120,1,61,1,6.4,4.5,5.1,6.1,4.7,8.4,5.4,5.3,4.1,5.8,4.4,5.9,5.5
N_53784,1,7,47,3,141,0,4,5,8.7,3.2,4.6,4.8,2.7,6.8,5.8,7.5,3.8,3.7,4,7,7.4
N_15145,1,7,24,2,48,1,53,4,6.1,4.9,6.3,3.9,4.4,8.2,5.8,5.9,3,4.9,3.2,6.3,6
N_14682,3,9,63,9,567,0,71,2,9.5,5.6,4.6,6.9,5,7.6,6.5,5.3,5.1,4.5,4.4,8.4,8.4
N_11264,2,9,16,6,96,0,88,4,9.2,3.9,5.7,5.5,2.4,7.1,6.7,3,4.5,2.6,4.2,6.9,7.6
N_24442,3,2,69,7,483,1,20,4,6.3,4.5,4.7,6.9,4.5,8.8,6,5.4,4.8,6.2,5.2,7,8
N_57777,2,9,25,9,225,0,59,3,8.7,3.2,4,6.8,3.2,4.9,6.1,5,4.3,3.9,4.5,6.4,6.6
N_11884,2,8,93,4,372,1,19,3,5.7,4,6.7,6,3.3,6.2,6.7,5.4,4.2,6.2,4.5,7.5,6.4
N_22367,2,5,58,8,464,1,5,3,5.9,4.1,5.5,7.2,3.5,8.4,6.2,6.3,5.7,5.8,4.8,6.9,7.4
N_16072,3,7,59,10,590,1,12,1,5.6,3.4,5.1,6.4,3.7,9.1,5.4,6.1,5,6,4.5,7.5,6.8
N_63420,1,7,4,2,8,1,56,3,9.1,4.5,3.6,6.4,5.3,8.4,5.8,6.7,4.5,6.1,4.4,8.5,7.6
N_79439,3,2,96,7,672,1,58,4,5.2,3.8,7.1,5.2,3.9,8.4,7.1,4.6,3.3,4.9,3.3,5.5,5.4
N_82587,2,7,72,4,288,1,81,1,9.6,5.7,6.8,5.9,5.4,4.5,6.4,6.5,4.3,3,4.3,9.6,9.9
N_65822,3,3,83,9,747,0,41,2,8.6,3.6,7.4,5.1,3.5,3.7,6.7,6,4.8,3.4,4,7.1,7
N_74211,1,8,18,2,36,1,82,4,9.3,2.4,2.6,7.2,2.2,6.2,6.4,4.2,6.7,4.4,4.5,8.1,8.6
N_23822,2,2,70,9,630,1,91,5,6,4.1,5.3,4.7,3.5,8,6.5,3.9,4.7,5.3,4,4.9,4.8
N_76671,3,1,89,7,623,1,51,2,6.4,3.6,6.6,6.1,4,7.1,6.1,3.7,5.6,6.6,3.9,6.8,6.6
N_15115,1,3,54,4,216,0,48,5,8.5,3,7.2,5.8,4.1,4.8,6.9,6.7,5.3,3.8,4.4,7.1,6.3
N_29236,3,7,75,7,525,1,1,3,7,3.3,5.4,5.5,2.6,9,6.5,5.9,4.3,5.2,3.7,5.5,5.4
N_70281,1,1,35,10,350,0,27,2,8.5,3,5.7,6,2.3,4.8,5.8,6,5.7,3.8,4.4,6.9,6.3
N_83085,1,3,100,8,800,1,60,1,7.6,3.6,3,4,5.1,7.7,4.9,7.2,4.7,5.5,3.5,5.5,5.4
N_47151,1,5,23,9,207,0,63,4,6.9,3.4,8.5,4.3,4.5,5.2,7.7,3.3,3.7,2.7,3.3,6.8,6.1
N_15071,1,1,5,7,35,1,12,3,8.1,2.5,7.2,4.5,2.3,6.6,6.8,6.1,3,3.5,3,5.8,6.4
N_64606,2,6,64,1,64,1,82,3,6.7,3.7,6.5,5.3,5.3,9.2,5.7,4.2,3.5,4.5,3.4,6.5,5.4
N_38799,1,3,95,10,950,1,31,2,8,3.3,6.1,5.7,5.5,8.7,5.9,3.8,4.7,6.6,4.2,7.5,7.3
N_74067,1,9,29,5,145,1,26,5,6.7,4,5.2,3.9,3,8.4,6.2,6,2.5,4.3,3.5,6.6,6.3
N_34362,2,6,96,8,768,0,66,2,8.7,3.2,6.1,4.3,3.5,5.6,6.1,6.5,3.1,2.9,2.5,4.6,5.4
N_42633,3,4,69,5,345,0,10,3,9,3.4,5.9,4.6,3.9,6.8,6.4,4.3,3.9,3.5,3.5,8,7.1
N_29169,2,5,62,3,186,1,29,5,9.6,4.1,6.2,7.3,2.9,7.7,6.1,4.4,5.2,4.6,4.9,9.9,8.7
N_12419,1,2,31,6,186,1,72,1,8.2,3.6,3.9,6.2,5.8,9,5.2,7.1,4.7,6.9,4.5,6.9,7.6
N_29914,2,7,32,7,224,1,24,1,6.1,4.9,3,4.8,5.1,8.2,5.1,6.8,4.5,4.9,3.2,5.5,6
N_27501,2,9,86,9,774,1,86,1,8.3,3.4,3.3,5.5,3.1,9.1,4.1,1.7,4.6,5.8,3.9,7.5,7
N_14203,3,7,21,3,63,0,47,2,9.4,3.8,4.7,5.4,3.8,8.5,4.9,6.2,4.1,4.5,4.1,8,7.6
N_16093,2,5,78,6,468,0,38,4,9.3,5.1,4.6,6.8,5.8,7.4,5.1,4.1,4.6,4.6,4.3,7.8,8.9
N_15797,3,1,42,8,336,1,96,2,5.1,5.1,6.6,6.9,4.4,5.9,7.2,5.2,4.9,6.3,4.5,7.9,7.6
N_70746,2,2,43,4,172,0,50,2,8,2.5,4.7,7.1,3.6,5.2,5.1,3.9,4.3,4.2,4.7,5.6,5.5
N_49944,3,7,71,9,639,1,26,4,5.9,4.1,5.7,5.9,5.8,8.4,6.4,5.1,5.2,5.8,4.8,8.6,7.4
N_44313,2,7,97,4,388,0,78,1,10,4.3,7.1,6.3,2.9,3.8,6.7,3.7,5,4,3.5,8.8,7.1
N_45066,3,6,25,3,75,1,6,4,5.7,3.8,6.8,7.5,5.7,8.2,6.6,4.8,6.5,7.3,5.2,7.6,7.6
N_60700,3,3,73,3,219,1,67,2,9.9,3.7,3.7,6.1,4.2,6.8,5.9,7.2,4.5,3.4,3.9,8.1,8.7
N_72670,1,1,55,4,220,0,6,4,7.9,3.9,4.3,5.8,4.4,4.7,5.2,3.6,4.1,4.2,4.3,7.8,8.6
N_66043,3,1,33,3,99,1,80,1,6.7,3.6,5.9,4.2,3.4,7.2,5.7,5.3,4,3.6,2.8,7.5,5.4
N_65853,3,6,11,9,99,0,29,1,8.2,2.7,3.7,7.4,2.7,5.3,5.3,5,4.5,4.3,4.9,7.1,5.7
N_54326,1,6,100,3,300,1,56,4,9.4,2.5,4.8,6.1,3.2,6.3,6.3,9.2,4.7,4.6,4.6,9,8.7
N_75274,2,8,84,1,84,0,64,5,6.9,3.4,5.7,4.4,3.3,5.2,6.4,4.4,3.2,2.7,3.3,7,6.1
N_82112,3,4,38,10,380,1,78,4,8,3.3,3.8,5.8,3.2,8.7,5.3,4.2,4.9,6.6,4.2,8.1,7.3
N_12651,2,5,45,3,135,0,54,3,9.3,3.8,7.3,5.7,3.7,7.4,6.6,5.9,4.1,3.2,3.4,7.6,7.7
N_76279,3,9,0,7,0,1,81,3,7.4,5.1,4.8,7.7,4.5,9.6,6.4,7.4,5.7,6.5,5.5,7.9,9
N_12558,3,8,83,6,498,0,66,1,7.6,3.6,5.2,5.8,5.6,4.4,6.7,6.4,4.6,3.9,4,7.5,8.2
N_25714,3,2,49,1,49,0,27,3,10,4.3,5.3,3.7,4.2,3.8,6.7,4.5,3.7,4,3.5,6.5,7.1
N_72791,3,9,87,5,435,1,94,2,9.9,2.8,7.2,6.9,2.6,5.4,6.2,7,5.6,4.9,4,8.5,7.9
N_45571,2,7,13,8,104,0,34,3,8.7,3.2,8.4,6.1,2.8,4.9,7.2,4.5,5.4,3.9,4.5,6.9,6.6
N_70578,1,9,43,2,86,1,90,3,8.4,3.8,6.7,5,4.5,6.7,5.1,4.2,2.7,5,3.6,7.6,8
N_34418,1,4,24,4,96,0,78,3,8.8,3.9,3.8,5.1,4.3,5.8,5,7.2,4.4,3.7,2.9,5.5,6.3
N_82808,1,9,87,1,87,1,13,5,7.7,2.2,6.3,4.5,2.4,6.2,6,4.7,3.3,3.1,2.6,6,6
N_75428,2,6,2,5,10,1,16,5,6.6,3.6,5.8,4.1,4.9,7.2,6.5,3.9,3.5,3.6,2.8,6.9,5.4
N_80489,2,8,1,3,3,1,9,3,5.7,3.8,3.5,6.7,5.4,8.2,5.4,5,4.7,7.3,5.2,6.9,7.6
N_38750,2,3,94,7,658,1,87,4,5.7,4,7.9,6.4,2.7,6.2,7.5,6.4,5,6.2,4.5,5.6,6.4
N_83207,1,1,52,10,520,1,86,1,5.5,3.7,4.7,5.4,4.3,6,5.6,2.5,4.5,5.9,4.3,6.3,6.1
N_69280,2,1,32,1,32,1,63,2,7.5,3.5,3.8,3.5,2.9,7.6,5.1,5.2,4,5.4,3.4,5.8,5.2
N_23962,3,4,16,5,80,1,71,5,6.4,3.6,2.7,5.3,3.9,7.1,5.2,5.5,4.7,6.6,3.9,6.6,6.6
N_19399,1,6,8,8,64,1,5,5,9.1,4.5,6.1,5.9,6.3,8.4,7.1,5.7,5.4,6.1,4.4,7.5,7.6
N_58444,2,4,19,4,76,0,51,1,6.7,3.2,3,3.7,4.8,5,5.2,2.5,2.9,2.6,3.1,6,5.8
N_30659,3,5,44,2,88,1,51,4,6.5,4.3,2.7,6.6,6.5,8.7,4.7,6.3,4.6,5.6,4.6,6.6,7.9
N_56454,2,3,83,6,498,1,9,5,9.9,3.7,7.5,4.7,5.6,6.8,7.2,4.6,4.1,3.4,3.9,8.8,8.6
N_73024,3,2,19,5,95,1,7,3,8.5,3.9,5.3,5.5,5,6.8,5.7,3.6,4.4,5.1,3.7,7,8.2
N_59967,1,2,58,3,174,0,85,1,9.9,3,6.8,5,5.4,4.9,7.3,7.6,3.1,4.3,3.8,6.6,7.1
N_74058,2,8,87,7,609,1,49,4,7.6,3.6,7.6,4.6,4.7,7.4,8.1,6.6,4.5,5.8,3.9,6.9,6.4
N_21505,3,2,90,1,90,0,5,3,9.4,3.8,7,6.2,4.7,8.5,7.3,2.4,4.3,4.5,4.1,7.3,7.6
N_21289,1,3,57,5,285,0,12,2,9.3,3.5,6.3,7.6,5.5,4.6,6.6,3.1,5.2,4.1,4.6,7.3,8.9
N_16159,3,7,58,7,406,1,59,4,7.1,3.4,4.9,4.1,4,7.8,6.1,3.5,2.6,3.1,2.7,5.8,5.7
N_33548,3,2,33,8,264,0,68,3,9.9,3,7.4,4.8,4,4.9,5.9,6.9,3.2,4.3,3.8,7.9,7.1
N_21293,2,5,59,7,413,0,52,2,8.7,3.2,6.4,4.9,2.4,6.8,6.3,5.1,4.3,3.7,4,7.3,7.4
N_35359,1,3,5,1,5,0,43,5,8.6,2.9,5.8,3.9,2.9,6.3,6.1,4,2.7,3,3,6.1,6.6
N_39837,2,3,68,7,476,1,46,1,6.4,3.2,6.7,3.6,2.2,8.4,7.3,6.5,2,3.7,1.6,5.1,5
N_69422,1,2,34,2,68,0,90,3,7.7,2.6,6.7,6.6,1.9,5.9,6.5,4.1,4.7,3.9,4.3,7.5,8.2
N_19297,1,3,25,8,200,1,31,5,7.5,3.5,4.1,4.5,3.5,7.6,4.9,2.8,3.4,5.4,3.4,6,5.2
N_27067,2,5,11,7,77,1,1,5,5,3.6,1.3,3,3.5,8.2,4.3,7.6,2.4,4.8,3.1,5.5,5.2
N_28112,2,1,44,3,132,0,38,1,7.7,2.6,8,6.7,3.5,5.9,6.9,7.7,5.1,3.9,4.3,7.6,8.2
N_70348,2,7,23,5,115,0,6,5,9.1,3.6,5.5,5.4,4.2,8.3,6.5,4.1,4.6,4.3,3.9,6.5,7.3
N_58575,3,5,3,7,21,1,42,4,5.5,5.5,7.7,7,5.6,6.3,7.4,4.9,5.5,6.7,4.9,7.6,8.2
N_61970,1,5,54,5,270,0,11,3,9.1,3.7,7,4.1,4.4,7.3,7.5,4.6,4.4,3,3.3,7.9,7.4
N_43327,3,8,46,5,230,1,95,3,7.1,4.2,4.1,2.6,2.1,9.9,5.5,3.5,2,4,2.4,5,4.8
N_57960,3,9,40,2,80,0,36,3,9.2,3.9,4.6,5.3,4.2,7.1,6.2,6.6,4.4,2.6,4.2,7.5,7.6
N_43203,3,3,50,1,50,1,35,3,9.3,3.5,5.4,7.8,4.6,4.6,6.4,4.9,4.8,4.1,4.6,7.6,8.9
N_85522,1,9,41,1,41,0,33,2,9.3,3.8,4,4.6,4.7,7.4,5.3,4.8,3.6,3.2,3.4,7.3,7.7
N_49691,1,7,50,6,300,0,24,5,8.6,4.8,5.6,5.3,2.3,6.7,5.8,3.6,4.9,3.6,3.6,8.1,7.3
N_80421,1,7,36,1,36,1,59,1,7.4,3.4,2.6,5,4.1,7.2,4.5,6.4,4.2,5.6,3.7,5.5,6.3
N_10812,2,4,72,4,288,0,42,3,8.7,3.2,3.3,3.2,3.1,5.6,5,4.3,3.1,2.9,2.5,7,5.4
N_28697,2,1,79,4,316,1,18,5,7.8,4.9,5.8,5.3,5.2,7.9,6,5.7,4.3,4.9,3.9,7.1,6.4
N_19453,1,6,35,8,280,1,24,3,7.9,3,4.4,5.1,5.9,9.7,5.7,5.8,3.4,5.4,3.5,7.3,6.4
N_49547,3,8,21,8,168,1,61,4,8.5,3.9,2.5,5.9,4.8,6.8,4.7,4.3,5,5.1,3.7,8,8.2
N_65053,3,9,91,4,364,0,98,2,8.2,2.7,5.1,7.2,3.4,5.3,5.5,4,3.9,4.3,4.9,6.5,5.7
N_11789,1,2,68,3,204,1,43,4,9.2,3.4,5.6,5.6,5.4,4.5,6.2,4.6,5.4,4,4.5,8.4,8.9
N_10736,2,8,16,4,64,1,13,4,6.4,3.3,7,3.7,4.7,8.8,7,3.6,4.3,4.1,3,6,4.8
N_19268,1,1,73,3,219,0,49,5,9,3.4,5.2,4.6,2.2,6.8,6.1,4.5,4.5,3.5,3.5,6.6,7.1
N_14195,1,1,58,9,522,1,60,3,6.5,2.8,3.1,4.1,4,8.5,5.1,9.5,3.6,4.7,3.3,6.3,4.7
N_31605,2,3,11,9,99,1,34,3,6.9,3.7,5,2.6,2.1,8.9,4.8,2.5,2.1,4.2,2,7.8,5.7
N_10160,2,5,89,2,178,1,3,4,6.2,3.3,3.9,4.8,4.6,6.9,5.4,4.8,4.3,6.3,3.7,5.8,6.3
N_30817,1,6,53,10,530,1,68,4,5.8,3.6,5.1,6.7,3.7,9.3,5.9,4.4,4.4,6.1,4.6,7.5,7
N_26097,3,5,13,8,104,1,94,1,6.4,4.5,5.1,6.1,4.7,8.4,5.4,5.3,4.1,5.8,4.4,5.9,5.5
N_13234,1,4,90,9,810,0,42,5,8.7,3.2,4.6,4.8,2.7,6.8,5.8,7.5,3.8,3.7,4,7,7.4
N_16404,1,3,98,5,490,1,5,3,6.1,4.9,6.3,3.9,4.4,8.2,5.8,5.9,3,4.9,3.2,6.3,6
N_46662,3,1,41,2,82,0,93,1,9.5,5.6,4.6,6.9,5,7.6,6.5,5.3,5.1,4.5,4.4,8.4,8.4
N_72329,2,1,91,4,364,0,5,1,9.2,3.9,5.7,5.5,2.4,7.1,6.7,3,4.5,2.6,4.2,6.9,7.6
N_18796,3,3,75,2,150,1,81,5,6.3,4.5,4.7,6.9,4.5,8.8,6,5.4,4.8,6.2,5.2,7,8
N_54388,2,3,74,1,74,0,69,1,8.7,3.2,4,6.8,3.2,4.9,6.1,5,4.3,3.9,4.5,6.4,6.6
N_45249,2,9,86,10,860,1,35,2,5.7,4,6.7,6,3.3,6.2,6.7,5.4,4.2,6.2,4.5,7.5,6.4
N_54759,2,5,19,6,114,1,78,3,5.9,4.1,5.5,7.2,3.5,8.4,6.2,6.3,5.7,5.8,4.8,6.9,7.4
N_33828,3,8,3,6,18,1,59,2,5.6,3.4,5.1,6.4,3.7,9.1,5.4,6.1,5,6,4.5,7.5,6.8
N_46541,1,4,97,10,970,1,65,4,9.1,4.5,3.6,6.4,5.3,8.4,5.8,6.7,4.5,6.1,4.4,8.5,7.6
N_23478,3,9,66,2,132,1,60,2,5.2,3.8,7.1,5.2,3.9,8.4,7.1,4.6,3.3,4.9,3.3,5.5,5.4
N_85256,2,5,14,9,126,1,95,5,9.6,5.7,6.8,5.9,5.4,4.5,6.4,6.5,4.3,3,4.3,9.6,9.9
N_54663,3,5,29,8,232,0,71,2,8.6,3.6,7.4,5.1,3.5,3.7,6.7,6,4.8,3.4,4,7.1,7
N_46594,1,1,34,3,102,1,83,5,9.3,2.4,2.6,7.2,2.2,6.2,6.4,4.2,6.7,4.4,4.5,8.1,8.6
N_22235,2,5,26,4,104,1,51,5,6,4.1,5.3,4.7,3.5,8,6.5,3.9,4.7,5.3,4,4.9,4.8
N_78897,3,4,6,8,48,1,72,2,6.4,3.6,6.6,6.1,4,7.1,6.1,3.7,5.6,6.6,3.9,6.8,6.6
N_78245,1,1,8,8,64,0,85,5,8.5,3,7.2,5.8,4.1,4.8,6.9,6.7,5.3,3.8,4.4,7.1,6.3
N_13840,3,7,3,7,21,1,75,3,7,3.3,5.4,5.5,2.6,9,6.5,5.9,4.3,5.2,3.7,5.5,5.4
N_44656,1,3,49,10,490,0,69,1,8.5,3,5.7,6,2.3,4.8,5.8,6,5.7,3.8,4.4,6.9,6.3
N_11723,1,2,6,10,60,1,25,4,7.6,3.6,3,4,5.1,7.7,4.9,7.2,4.7,5.5,3.5,5.5,5.4
N_34121,1,1,95,1,95,0,64,3,6.9,3.4,8.5,4.3,4.5,5.2,7.7,3.3,3.7,2.7,3.3,6.8,6.1
N_66618,1,2,14,6,84,1,46,5,8.1,2.5,7.2,4.5,2.3,6.6,6.8,6.1,3,3.5,3,5.8,6.4
N_21279,2,4,77,7,539,1,47,4,6.7,3.7,6.5,5.3,5.3,9.2,5.7,4.2,3.5,4.5,3.4,6.5,5.4
N_62866,1,9,56,7,392,1,87,2,8,3.3,6.1,5.7,5.5,8.7,5.9,3.8,4.7,6.6,4.2,7.5,7.3
N_29976,1,2,18,8,144,1,35,1,6.7,4,5.2,3.9,3,8.4,6.2,6,2.5,4.3,3.5,6.6,6.3
N_14030,2,9,58,9,522,0,76,3,8.7,3.2,6.1,4.3,3.5,5.6,6.1,6.5,3.1,2.9,2.5,4.6,5.4
N_13143,3,9,12,8,96,0,70,3,9,3.4,5.9,4.6,3.9,6.8,6.4,4.3,3.9,3.5,3.5,8,7.1
N_72707,2,2,57,10,570,1,93,4,9.6,4.1,6.2,7.3,2.9,7.7,6.1,4.4,5.2,4.6,4.9,9.9,8.7
N_78431,1,9,16,8,128,1,92,2,8.2,3.6,3.9,6.2,5.8,9,5.2,7.1,4.7,6.9,4.5,6.9,7.6
N_48887,2,9,9,6,54,1,72,2,6.1,4.9,3,4.8,5.1,8.2,5.1,6.8,4.5,4.9,3.2,5.5,6
N_35469,2,4,53,8,424,1,83,5,8.3,3.4,3.3,5.5,3.1,9.1,4.1,1.7,4.6,5.8,3.9,7.5,7
N_42113,3,8,86,6,516,0,43,4,9.4,3.8,4.7,5.4,3.8,8.5,4.9,6.2,4.1,4.5,4.1,8,7.6
N_35465,2,7,34,5,170,0,16,4,9.3,5.1,4.6,6.8,5.8,7.4,5.1,4.1,4.6,4.6,4.3,7.8,8.9
N_54629,3,2,76,3,228,1,52,3,5.1,5.1,6.6,6.9,4.4,5.9,7.2,5.2,4.9,6.3,4.5,7.9,7.6
N_74359,2,5,41,5,205,0,74,4,8,2.5,4.7,7.1,3.6,5.2,5.1,3.9,4.3,4.2,4.7,5.6,5.5
N_55532,3,2,23,4,92,1,15,1,5.9,4.1,5.7,5.9,5.8,8.4,6.4,5.1,5.2,5.8,4.8,8.6,7.4
N_73562,2,5,43,5,215,0,59,3,10,4.3,7.1,6.3,2.9,3.8,6.7,3.7,5,4,3.5,8.8,7.1
N_46176,3,1,95,6,570,1,71,1,5.7,3.8,6.8,7.5,5.7,8.2,6.6,4.8,6.5,7.3,5.2,7.6,7.6
N_28910,3,3,14,7,98,1,18,2,9.9,3.7,3.7,6.1,4.2,6.8,5.9,7.2,4.5,3.4,3.9,8.1,8.7
N_67682,1,6,93,5,465,0,89,1,7.9,3.9,4.3,5.8,4.4,4.7,5.2,3.6,4.1,4.2,4.3,7.8,8.6
N_68396,3,3,84,6,504,1,46,3,6.7,3.6,5.9,4.2,3.4,7.2,5.7,5.3,4,3.6,2.8,7.5,5.4
N_56747,3,1,31,3,93,0,3,4,8.2,2.7,3.7,7.4,2.7,5.3,5.3,5,4.5,4.3,4.9,7.1,5.7
N_26899,1,8,74,9,666,1,68,3,9.4,2.5,4.8,6.1,3.2,6.3,6.3,9.2,4.7,4.6,4.6,9,8.7
N_27252,2,8,63,2,126,0,42,3,6.9,3.4,5.7,4.4,3.3,5.2,6.4,4.4,3.2,2.7,3.3,7,6.1
N_20656,3,2,42,1,42,1,27,4,8,3.3,3.8,5.8,3.2,8.7,5.3,4.2,4.9,6.6,4.2,8.1,7.3
N_13134,2,6,43,4,172,0,14,1,9.3,3.8,7.3,5.7,3.7,7.4,6.6,5.9,4.1,3.2,3.4,7.6,7.7
N_27545,3,9,82,1,82,1,36,1,7.4,5.1,4.8,7.7,4.5,9.6,6.4,7.4,5.7,6.5,5.5,7.9,9
N_18169,3,9,94,8,752,0,18,3,7.6,3.6,5.2,5.8,5.6,4.4,6.7,6.4,4.6,3.9,4,7.5,8.2
N_34272,3,3,17,4,68,0,26,5,10,4.3,5.3,3.7,4.2,3.8,6.7,4.5,3.7,4,3.5,6.5,7.1
N_48382,3,9,4,6,24,1,20,3,9.9,2.8,7.2,6.9,2.6,5.4,6.2,7,5.6,4.9,4,8.5,7.9
N_22695,2,4,66,2,132,0,41,1,8.7,3.2,8.4,6.1,2.8,4.9,7.2,4.5,5.4,3.9,4.5,6.9,6.6
N_43351,1,8,15,1,15,1,72,1,8.4,3.8,6.7,5,4.5,6.7,5.1,4.2,2.7,5,3.6,7.6,8
N_30842,1,3,85,10,850,0,4,2,8.8,3.9,3.8,5.1,4.3,5.8,5,7.2,4.4,3.7,2.9,5.5,6.3
N_86579,1,3,95,10,950,1,80,3,7.7,2.2,6.3,4.5,2.4,6.2,6,4.7,3.3,3.1,2.6,6,6
N_40606,2,7,71,10,710,1,20,4,6.6,3.6,5.8,4.1,4.9,7.2,6.5,3.9,3.5,3.6,2.8,6.9,5.4
N_48813,2,6,15,10,150,1,29,2,5.7,3.8,3.5,6.7,5.4,8.2,5.4,5,4.7,7.3,5.2,6.9,7.6
N_39267,2,8,82,6,492,1,69,4,5.7,4,7.9,6.4,2.7,6.2,7.5,6.4,5,6.2,4.5,5.6,6.4
N_87320,1,7,59,8,472,1,65,2,5.5,3.7,4.7,5.4,4.3,6,5.6,2.5,4.5,5.9,4.3,6.3,6.1
N_64718,2,5,9,10,90,1,68,3,7.5,3.5,3.8,3.5,2.9,7.6,5.1,5.2,4,5.4,3.4,5.8,5.2
N_53540,3,5,55,8,440,1,76,4,6.4,3.6,2.7,5.3,3.9,7.1,5.2,5.5,4.7,6.6,3.9,6.6,6.6
N_53392,1,4,4,5,20,1,77,1,9.1,4.5,6.1,5.9,6.3,8.4,7.1,5.7,5.4,6.1,4.4,7.5,7.6
N_70701,2,5,10,3,30,0,16,3,6.7,3.2,3,3.7,4.8,5,5.2,2.5,2.9,2.6,3.1,6,5.8
N_11162,3,4,100,8,800,1,98,4,6.5,4.3,2.7,6.6,6.5,8.7,4.7,6.3,4.6,5.6,4.6,6.6,7.9
N_31367,2,2,93,8,744,1,96,2,9.9,3.7,7.5,4.7,5.6,6.8,7.2,4.6,4.1,3.4,3.9,8.8,8.6
N_17150,3,4,91,4,364,1,58,5,8.5,3.9,5.3,5.5,5,6.8,5.7,3.6,4.4,5.1,3.7,7,8.2
N_44731,1,2,73,9,657,0,27,2,9.9,3,6.8,5,5.4,4.9,7.3,7.6,3.1,4.3,3.8,6.6,7.1
N_38837,2,1,20,10,200,1,21,1,7.6,3.6,7.6,4.6,4.7,7.4,8.1,6.6,4.5,5.8,3.9,6.9,6.4
N_84988,3,9,24,1,24,0,13,1,9.4,3.8,7,6.2,4.7,8.5,7.3,2.4,4.3,4.5,4.1,7.3,7.6
N_26176,1,3,88,4,352,0,64,5,9.3,3.5,6.3,7.6,5.5,4.6,6.6,3.1,5.2,4.1,4.6,7.3,8.9
N_30710,3,4,68,9,612,1,26,3,7.1,3.4,4.9,4.1,4,7.8,6.1,3.5,2.6,3.1,2.7,5.8,5.7
N_25754,3,6,53,10,530,0,54,4,9.9,3,7.4,4.8,4,4.9,5.9,6.9,3.2,4.3,3.8,7.9,7.1
N_35208,2,3,22,10,220,0,52,5,8.7,3.2,6.4,4.9,2.4,6.8,6.3,5.1,4.3,3.7,4,7.3,7.4
N_27823,1,6,88,1,88,0,57,5,8.6,2.9,5.8,3.9,2.9,6.3,6.1,4,2.7,3,3,6.1,6.6
N_30054,2,9,18,1,18,1,57,3,6.4,3.2,6.7,3.6,2.2,8.4,7.3,6.5,2,3.7,1.6,5.1,5
N_70066,1,2,32,3,96,0,70,5,7.7,2.6,6.7,6.6,1.9,5.9,6.5,4.1,4.7,3.9,4.3,7.5,8.2
N_26671,1,8,52,10,520,1,26,2,7.5,3.5,4.1,4.5,3.5,7.6,4.9,2.8,3.4,5.4,3.4,6,5.2
N_49131,2,5,100,10,1000,1,13,4,5,3.6,1.3,3,3.5,8.2,4.3,7.6,2.4,4.8,3.1,5.5,5.2
N_76013,2,5,22,3,66,0,97,4,7.7,2.6,8,6.7,3.5,5.9,6.9,7.7,5.1,3.9,4.3,7.6,8.2
N_23369,2,8,36,7,252,0,92,3,9.1,3.6,5.5,5.4,4.2,8.3,6.5,4.1,4.6,4.3,3.9,6.5,7.3
N_37228,3,6,5,3,15,1,84,4,5.5,5.5,7.7,7,5.6,6.3,7.4,4.9,5.5,6.7,4.9,7.6,8.2
N_83966,1,7,43,8,344,0,30,3,9.1,3.7,7,4.1,4.4,7.3,7.5,4.6,4.4,3,3.3,7.9,7.4
N_50443,3,4,6,4,24,1,92,3,7.1,4.2,4.1,2.6,2.1,9.9,5.5,3.5,2,4,2.4,5,4.8
N_28966,3,5,10,1,10,0,81,3,9.2,3.9,4.6,5.3,4.2,7.1,6.2,6.6,4.4,2.6,4.2,7.5,7.6
N_65721,3,2,48,5,240,1,30,4,9.3,3.5,5.4,7.8,4.6,4.6,6.4,4.9,4.8,4.1,4.6,7.6,8.9
N_86159,1,2,24,6,144,0,40,4,9.3,3.8,4,4.6,4.7,7.4,5.3,4.8,3.6,3.2,3.4,7.3,7.7
N_25703,1,4,64,3,192,0,64,3,8.6,4.8,5.6,5.3,2.3,6.7,5.8,3.6,4.9,3.6,3.6,8.1,7.3
N_50445,1,4,28,1,28,1,31,2,7.4,3.4,2.6,5,4.1,7.2,4.5,6.4,4.2,5.6,3.7,5.5,6.3
N_14519,2,9,98,5,490,0,6,5,8.7,3.2,3.3,3.2,3.1,5.6,5,4.3,3.1,2.9,2.5,7,5.4
N_76415,2,8,59,4,236,1,98,5,7.8,4.9,5.8,5.3,5.2,7.9,6,5.7,4.3,4.9,3.9,7.1,6.4
N_18464,1,4,89,3,267,1,77,5,7.9,3,4.4,5.1,5.9,9.7,5.7,5.8,3.4,5.4,3.5,7.3,6.4
N_10708,3,3,59,3,177,1,48,2,8.5,3.9,2.5,5.9,4.8,6.8,4.7,4.3,5,5.1,3.7,8,8.2
N_64245,3,9,64,3,192,0,22,4,8.2,2.7,5.1,7.2,3.4,5.3,5.5,4,3.9,4.3,4.9,6.5,5.7
N_57885,1,4,64,10,640,1,89,2,9.2,3.4,5.6,5.6,5.4,4.5,6.2,4.6,5.4,4,4.5,8.4,8.9
N_22600,2,7,59,9,531,1,91,4,6.4,3.3,7,3.7,4.7,8.8,7,3.6,4.3,4.1,3,6,4.8
N_21950,1,3,11,6,66,0,94,5,9,3.4,5.2,4.6,2.2,6.8,6.1,4.5,4.5,3.5,3.5,6.6,7.1
N_70936,1,4,72,10,720,1,46,2,6.5,2.8,3.1,4.1,4,8.5,5.1,9.5,3.6,4.7,3.3,6.3,4.7
N_42723,2,3,99,3,297,1,77,4,6.9,3.7,5,2.6,2.1,8.9,4.8,2.5,2.1,4.2,2,7.8,5.7
N_50763,2,1,91,9,819,1,28,5,6.2,3.3,3.9,4.8,4.6,6.9,5.4,4.8,4.3,6.3,3.7,5.8,6.3
N_14902,1,8,57,10,570,1,42,1,5.8,3.6,5.1,6.7,3.7,9.3,5.9,4.4,4.4,6.1,4.6,7.5,7
N_29475,3,8,80,1,80,1,92,4,6.4,4.5,5.1,6.1,4.7,8.4,5.4,5.3,4.1,5.8,4.4,5.9,5.5
N_67384,1,9,25,4,100,0,48,2,8.7,3.2,4.6,4.8,2.7,6.8,5.8,7.5,3.8,3.7,4,7,7.4
N_10157,1,5,71,5,355,1,25,3,6.1,4.9,6.3,3.9,4.4,8.2,5.8,5.9,3,4.9,3.2,6.3,6
N_18128,3,6,13,9,117,0,32,2,9.5,5.6,4.6,6.9,5,7.6,6.5,5.3,5.1,4.5,4.4,8.4,8.4
N_15208,2,7,74,7,518,0,92,1,9.2,3.9,5.7,5.5,2.4,7.1,6.7,3,4.5,2.6,4.2,6.9,7.6
N_40133,3,1,95,3,285,1,70,1,6.3,4.5,4.7,6.9,4.5,8.8,6,5.4,4.8,6.2,5.2,7,8
N_26944,2,6,73,10,730,0,16,3,8.7,3.2,4,6.8,3.2,4.9,6.1,5,4.3,3.9,4.5,6.4,6.6
N_10638,2,5,78,5,390,1,14,2,5.7,4,6.7,6,3.3,6.2,6.7,5.4,4.2,6.2,4.5,7.5,6.4
N_41090,2,8,46,6,276,1,2,5,5.9,4.1,5.5,7.2,3.5,8.4,6.2,6.3,5.7,5.8,4.8,6.9,7.4
N_12625,3,4,86,7,602,1,58,4,5.6,3.4,5.1,6.4,3.7,9.1,5.4,6.1,5,6,4.5,7.5,6.8
N_46112,1,8,10,1,10,1,60,1,9.1,4.5,3.6,6.4,5.3,8.4,5.8,6.7,4.5,6.1,4.4,8.5,7.6
N_62237,3,3,78,8,624,1,39,4,5.2,3.8,7.1,5.2,3.9,8.4,7.1,4.6,3.3,4.9,3.3,5.5,5.4
N_17545,2,9,92,5,460,1,34,4,9.6,5.7,6.8,5.9,5.4,4.5,6.4,6.5,4.3,3,4.3,9.6,9.9
N_73110,3,9,78,5,390,0,63,1,8.6,3.6,7.4,5.1,3.5,3.7,6.7,6,4.8,3.4,4,7.1,7
N_51461,1,5,5,6,30,1,12,2,9.3,2.4,2.6,7.2,2.2,6.2,6.4,4.2,6.7,4.4,4.5,8.1,8.6
N_42895,2,9,97,1,97,1,66,1,6,4.1,5.3,4.7,3.5,8,6.5,3.9,4.7,5.3,4,4.9,4.8
N_36816,3,3,4,6,24,1,70,5,6.4,3.6,6.6,6.1,4,7.1,6.1,3.7,5.6,6.6,3.9,6.8,6.6
N_33484,1,6,71,9,639,0,27,4,8.5,3,7.2,5.8,4.1,4.8,6.9,6.7,5.3,3.8,4.4,7.1,6.3
N_45807,3,4,38,1,38,1,74,4,7,3.3,5.4,5.5,2.6,9,6.5,5.9,4.3,5.2,3.7,5.5,5.4
N_23872,1,3,15,2,30,0,5,1,8.5,3,5.7,6,2.3,4.8,5.8,6,5.7,3.8,4.4,6.9,6.3
N_67380,1,6,30,6,180,1,85,2,7.6,3.6,3,4,5.1,7.7,4.9,7.2,4.7,5.5,3.5,5.5,5.4
N_70621,1,5,20,4,80,0,46,1,6.9,3.4,8.5,4.3,4.5,5.2,7.7,3.3,3.7,2.7,3.3,6.8,6.1
N_71017,1,8,83,2,166,1,40,5,8.1,2.5,7.2,4.5,2.3,6.6,6.8,6.1,3,3.5,3,5.8,6.4
N_11948,2,7,86,3,258,1,91,4,6.7,3.7,6.5,5.3,5.3,9.2,5.7,4.2,3.5,4.5,3.4,6.5,5.4
N_65253,1,9,48,8,384,1,49,4,8,3.3,6.1,5.7,5.5,8.7,5.9,3.8,4.7,6.6,4.2,7.5,7.3
N_74671,1,4,4,5,20,1,17,5,6.7,4,5.2,3.9,3,8.4,6.2,6,2.5,4.3,3.5,6.6,6.3
N_57514,2,6,6,9,54,0,8,3,8.7,3.2,6.1,4.3,3.5,5.6,6.1,6.5,3.1,2.9,2.5,4.6,5.4
N_81570,3,2,7,10,70,0,95,4,9,3.4,5.9,4.6,3.9,6.8,6.4,4.3,3.9,3.5,3.5,8,7.1
N_66827,2,4,66,7,462,1,73,1,9.6,4.1,6.2,7.3,2.9,7.7,6.1,4.4,5.2,4.6,4.9,9.9,8.7
N_13181,1,1,1,9,9,1,23,5,8.2,3.6,3.9,6.2,5.8,9,5.2,7.1,4.7,6.9,4.5,6.9,7.6
N_57126,2,1,82,6,492,1,53,1,6.1,4.9,3,4.8,5.1,8.2,5.1,6.8,4.5,4.9,3.2,5.5,6
N_82611,2,2,100,4,400,1,50,1,8.3,3.4,3.3,5.5,3.1,9.1,4.1,1.7,4.6,5.8,3.9,7.5,7
N_61032,3,1,2,3,6,0,51,5,9.4,3.8,4.7,5.4,3.8,8.5,4.9,6.2,4.1,4.5,4.1,8,7.6
N_72776,2,1,97,1,97,0,73,3,9.3,5.1,4.6,6.8,5.8,7.4,5.1,4.1,4.6,4.6,4.3,7.8,8.9
N_88711,3,1,94,3,282,1,79,4,5.1,5.1,6.6,6.9,4.4,5.9,7.2,5.2,4.9,6.3,4.5,7.9,7.6
N_49323,2,7,72,3,216,0,66,4,8,2.5,4.7,7.1,3.6,5.2,5.1,3.9,4.3,4.2,4.7,5.6,5.5
N_13020,3,7,3,1,3,1,2,1,5.9,4.1,5.7,5.9,5.8,8.4,6.4,5.1,5.2,5.8,4.8,8.6,7.4
N_61974,2,9,37,5,185,0,3,5,10,4.3,7.1,6.3,2.9,3.8,6.7,3.7,5,4,3.5,8.8,7.1
N_68849,3,7,81,2,162,1,41,5,5.7,3.8,6.8,7.5,5.7,8.2,6.6,4.8,6.5,7.3,5.2,7.6,7.6
N_28092,3,5,63,9,567,1,83,1,9.9,3.7,3.7,6.1,4.2,6.8,5.9,7.2,4.5,3.4,3.9,8.1,8.7
N_19608,1,3,44,6,264,0,2,3,7.9,3.9,4.3,5.8,4.4,4.7,5.2,3.6,4.1,4.2,4.3,7.8,8.6
N_38912,3,1,72,10,720,1,55,3,6.7,3.6,5.9,4.2,3.4,7.2,5.7,5.3,4,3.6,2.8,7.5,5.4
N_79844,3,1,1,8,8,0,24,1,8.2,2.7,3.7,7.4,2.7,5.3,5.3,5,4.5,4.3,4.9,7.1,5.7
N_17080,1,7,92,8,736,1,47,1,9.4,2.5,4.8,6.1,3.2,6.3,6.3,9.2,4.7,4.6,4.6,9,8.7
N_71754,2,7,30,5,150,0,94,3,6.9,3.4,5.7,4.4,3.3,5.2,6.4,4.4,3.2,2.7,3.3,7,6.1
N_25889,3,7,77,7,539,1,18,5,8,3.3,3.8,5.8,3.2,8.7,5.3,4.2,4.9,6.6,4.2,8.1,7.3
N_11000,2,1,29,7,203,0,45,3,9.3,3.8,7.3,5.7,3.7,7.4,6.6,5.9,4.1,3.2,3.4,7.6,7.7
N_81054,3,9,20,3,60,1,51,4,7.4,5.1,4.8,7.7,4.5,9.6,6.4,7.4,5.7,6.5,5.5,7.9,9
N_15309,3,6,74,9,666,0,62,3,7.6,3.6,5.2,5.8,5.6,4.4,6.7,6.4,4.6,3.9,4,7.5,8.2
N_70914,3,8,9,5,45,0,83,2,10,4.3,5.3,3.7,4.2,3.8,6.7,4.5,3.7,4,3.5,6.5,7.1
N_42706,3,2,51,9,459,1,61,3,9.9,2.8,7.2,6.9,2.6,5.4,6.2,7,5.6,4.9,4,8.5,7.9
N_19096,2,3,42,7,294,0,58,5,8.7,3.2,8.4,6.1,2.8,4.9,7.2,4.5,5.4,3.9,4.5,6.9,6.6
N_15901,1,5,24,1,24,1,25,2,8.4,3.8,6.7,5,4.5,6.7,5.1,4.2,2.7,5,3.6,7.6,8
N_50321,1,8,3,3,9,0,91,1,8.8,3.9,3.8,5.1,4.3,5.8,5,7.2,4.4,3.7,2.9,5.5,6.3
N_46685,1,9,14,10,140,1,71,5,7.7,2.2,6.3,4.5,2.4,6.2,6,4.7,3.3,3.1,2.6,6,6
N_56505,2,7,88,9,792,1,79,2,6.6,3.6,5.8,4.1,4.9,7.2,6.5,3.9,3.5,3.6,2.8,6.9,5.4
N_75056,2,8,67,9,603,1,26,2,5.7,3.8,3.5,6.7,5.4,8.2,5.4,5,4.7,7.3,5.2,6.9,7.6
N_51664,2,6,51,8,408,1,81,3,5.7,4,7.9,6.4,2.7,6.2,7.5,6.4,5,6.2,4.5,5.6,6.4
N_42868,1,5,90,10,900,1,23,4,5.5,3.7,4.7,5.4,4.3,6,5.6,2.5,4.5,5.9,4.3,6.3,6.1
N_26223,2,7,92,4,368,1,65,2,7.5,3.5,3.8,3.5,2.9,7.6,5.1,5.2,4,5.4,3.4,5.8,5.2
N_14782,3,3,5,2,10,1,56,3,6.4,3.6,2.7,5.3,3.9,7.1,5.2,5.5,4.7,6.6,3.9,6.6,6.6
N_71460,1,7,45,10,450,1,96,2,9.1,4.5,6.1,5.9,6.3,8.4,7.1,5.7,5.4,6.1,4.4,7.5,7.6
N_22203,2,9,66,6,396,0,1,4,6.7,3.2,3,3.7,4.8,5,5.2,2.5,2.9,2.6,3.1,6,5.8
N_47204,3,8,34,4,136,1,98,4,6.5,4.3,2.7,6.6,6.5,8.7,4.7,6.3,4.6,5.6,4.6,6.6,7.9
N_38664,2,1,54,3,162,1,51,1,9.9,3.7,7.5,4.7,5.6,6.8,7.2,4.6,4.1,3.4,3.9,8.8,8.6
N_33575,3,5,8,10,80,1,97,4,8.5,3.9,5.3,5.5,5,6.8,5.7,3.6,4.4,5.1,3.7,7,8.2
N_19188,1,7,99,3,297,0,35,1,9.9,3,6.8,5,5.4,4.9,7.3,7.6,3.1,4.3,3.8,6.6,7.1
N_28146,2,7,27,8,216,1,71,1,7.6,3.6,7.6,4.6,4.7,7.4,8.1,6.6,4.5,5.8,3.9,6.9,6.4
N_41125,3,1,45,4,180,0,72,1,9.4,3.8,7,6.2,4.7,8.5,7.3,2.4,4.3,4.5,4.1,7.3,7.6
N_42134,1,8,31,7,217,0,53,5,9.3,3.5,6.3,7.6,5.5,4.6,6.6,3.1,5.2,4.1,4.6,7.3,8.9
N_88466,3,6,41,6,246,1,3,5,7.1,3.4,4.9,4.1,4,7.8,6.1,3.5,2.6,3.1,2.7,5.8,5.7
N_12157,3,3,21,2,42,0,6,5,9.9,3,7.4,4.8,4,4.9,5.9,6.9,3.2,4.3,3.8,7.9,7.1
N_84916,2,5,98,4,392,0,37,2,8.7,3.2,6.4,4.9,2.4,6.8,6.3,5.1,4.3,3.7,4,7.3,7.4
N_18084,1,3,92,6,552,0,99,1,8.6,2.9,5.8,3.9,2.9,6.3,6.1,4,2.7,3,3,6.1,6.6
N_76403,2,7,65,10,650,1,48,1,6.4,3.2,6.7,3.6,2.2,8.4,7.3,6.5,2,3.7,1.6,5.1,5
N_22677,1,6,5,10,50,0,1,1,7.7,2.6,6.7,6.6,1.9,5.9,6.5,4.1,4.7,3.9,4.3,7.5,8.2
N_30315,1,7,74,7,518,1,4,4,7.5,3.5,4.1,4.5,3.5,7.6,4.9,2.8,3.4,5.4,3.4,6,5.2
N_87525,2,9,80,9,720,1,57,4,5,3.6,1.3,3,3.5,8.2,4.3,7.6,2.4,4.8,3.1,5.5,5.2
N_41267,2,2,73,1,73,0,59,4,7.7,2.6,8,6.7,3.5,5.9,6.9,7.7,5.1,3.9,4.3,7.6,8.2
N_82050,2,3,41,7,287,0,41,1,9.1,3.6,5.5,5.4,4.2,8.3,6.5,4.1,4.6,4.3,3.9,6.5,7.3
N_71259,3,4,88,2,176,1,14,5,5.5,5.5,7.7,7,5.6,6.3,7.4,4.9,5.5,6.7,4.9,7.6,8.2
N_61500,1,2,20,8,160,0,87,1,9.1,3.7,7,4.1,4.4,7.3,7.5,4.6,4.4,3,3.3,7.9,7.4
N_10688,3,2,78,3,234,1,84,2,7.1,4.2,4.1,2.6,2.1,9.9,5.5,3.5,2,4,2.4,5,4.8
N_48906,3,1,44,4,176,0,66,3,9.2,3.9,4.6,5.3,4.2,7.1,6.2,6.6,4.4,2.6,4.2,7.5,7.6
N_69692,3,4,28,5,140,1,37,2,9.3,3.5,5.4,7.8,4.6,4.6,6.4,4.9,4.8,4.1,4.6,7.6,8.9
N_42232,1,3,70,1,70,0,79,1,9.3,3.8,4,4.6,4.7,7.4,5.3,4.8,3.6,3.2,3.4,7.3,7.7
N_86514,1,1,41,2,82,0,70,5,8.6,4.8,5.6,5.3,2.3,6.7,5.8,3.6,4.9,3.6,3.6,8.1,7.3
N_16386,1,2,29,9,261,1,91,4,7.4,3.4,2.6,5,4.1,7.2,4.5,6.4,4.2,5.6,3.7,5.5,6.3
N_27091,2,7,30,10,300,0,23,1,8.7,3.2,3.3,3.2,3.1,5.6,5,4.3,3.1,2.9,2.5,7,5.4
N_70084,2,1,93,6,558,1,95,2,7.8,4.9,5.8,5.3,5.2,7.9,6,5.7,4.3,4.9,3.9,7.1,6.4
N_36734,1,2,51,4,204,1,33,2,7.9,3,4.4,5.1,5.9,9.7,5.7,5.8,3.4,5.4,3.5,7.3,6.4
N_31107,3,6,23,9,207,1,89,1,8.5,3.9,2.5,5.9,4.8,6.8,4.7,4.3,5,5.1,3.7,8,8.2
N_10372,3,7,75,3,225,0,76,5,8.2,2.7,5.1,7.2,3.4,5.3,5.5,4,3.9,4.3,4.9,6.5,5.7
N_76268,1,4,12,2,24,1,26,3,9.2,3.4,5.6,5.6,5.4,4.5,6.2,4.6,5.4,4,4.5,8.4,8.9
N_42010,2,7,12,5,60,1,16,5,6.4,3.3,7,3.7,4.7,8.8,7,3.6,4.3,4.1,3,6,4.8
N_52848,1,4,8,3,24,0,41,1,9,3.4,5.2,4.6,2.2,6.8,6.1,4.5,4.5,3.5,3.5,6.6,7.1
N_24554,1,2,32,10,320,1,93,1,6.5,2.8,3.1,4.1,4,8.5,5.1,9.5,3.6,4.7,3.3,6.3,4.7
N_24091,2,9,86,5,430,1,86,5,6.9,3.7,5,2.6,2.1,8.9,4.8,2.5,2.1,4.2,2,7.8,5.7
N_86317,2,6,47,1,47,1,73,5,6.2,3.3,3.9,4.8,4.6,6.9,5.4,4.8,4.3,6.3,3.7,5.8,6.3
N_56704,1,3,69,8,552,1,63,5,5.8,3.6,5.1,6.7,3.7,9.3,5.9,4.4,4.4,6.1,4.6,7.5,7
N_86887,3,6,16,4,64,1,13,2,6.4,4.5,5.1,6.1,4.7,8.4,5.4,5.3,4.1,5.8,4.4,5.9,5.5
N_30924,1,1,1,8,8,0,59,2,8.7,3.2,4.6,4.8,2.7,6.8,5.8,7.5,3.8,3.7,4,7,7.4
N_29151,1,1,93,9,837,1,24,5,6.1,4.9,6.3,3.9,4.4,8.2,5.8,5.9,3,4.9,3.2,6.3,6
N_81418,3,1,62,5,310,0,87,1,9.5,5.6,4.6,6.9,5,7.6,6.5,5.3,5.1,4.5,4.4,8.4,8.4
N_63967,2,4,60,4,240,0,31,5,9.2,3.9,5.7,5.5,2.4,7.1,6.7,3,4.5,2.6,4.2,6.9,7.6
N_25966,3,6,61,8,488,1,10,4,6.3,4.5,4.7,6.9,4.5,8.8,6,5.4,4.8,6.2,5.2,7,8
N_25793,2,8,46,3,138,0,62,2,8.7,3.2,4,6.8,3.2,4.9,6.1,5,4.3,3.9,4.5,6.4,6.6
N_63810,2,2,26,2,52,1,1,1,5.7,4,6.7,6,3.3,6.2,6.7,5.4,4.2,6.2,4.5,7.5,6.4
N_87495,2,4,83,10,830,1,21,5,5.9,4.1,5.5,7.2,3.5,8.4,6.2,6.3,5.7,5.8,4.8,6.9,7.4
N_35966,3,5,69,5,345,1,6,3,5.6,3.4,5.1,6.4,3.7,9.1,5.4,6.1,5,6,4.5,7.5,6.8
N_31799,1,3,23,4,92,1,11,2,9.1,4.5,3.6,6.4,5.3,8.4,5.8,6.7,4.5,6.1,4.4,8.5,7.6
N_33010,3,8,55,2,110,1,10,2,5.2,3.8,7.1,5.2,3.9,8.4,7.1,4.6,3.3,4.9,3.3,5.5,5.4
N_14756,2,6,84,10,840,1,8,3,9.6,5.7,6.8,5.9,5.4,4.5,6.4,6.5,4.3,3,4.3,9.6,9.9
N_77627,3,2,29,3,87,0,98,3,8.6,3.6,7.4,5.1,3.5,3.7,6.7,6,4.8,3.4,4,7.1,7
N_41612,1,2,2,9,18,1,7,4,9.3,2.4,2.6,7.2,2.2,6.2,6.4,4.2,6.7,4.4,4.5,8.1,8.6
N_49754,2,2,7,9,63,1,0,2,6,4.1,5.3,4.7,3.5,8,6.5,3.9,4.7,5.3,4,4.9,4.8
N_41371,3,8,53,7,371,1,33,5,6.4,3.6,6.6,6.1,4,7.1,6.1,3.7,5.6,6.6,3.9,6.8,6.6
N_68790,1,1,2,5,10,0,69,4,8.5,3,7.2,5.8,4.1,4.8,6.9,6.7,5.3,3.8,4.4,7.1,6.3
N_32784,3,9,3,5,15,1,78,1,7,3.3,5.4,5.5,2.6,9,6.5,5.9,4.3,5.2,3.7,5.5,5.4
N_85003,1,1,48,8,384,0,54,5,8.5,3,5.7,6,2.3,4.8,5.8,6,5.7,3.8,4.4,6.9,6.3
N_28936,1,8,20,8,160,1,35,3,7.6,3.6,3,4,5.1,7.7,4.9,7.2,4.7,5.5,3.5,5.5,5.4
N_73192,1,1,41,4,164,0,94,2,6.9,3.4,8.5,4.3,4.5,5.2,7.7,3.3,3.7,2.7,3.3,6.8,6.1
N_31365,1,7,78,8,624,1,18,4,8.1,2.5,7.2,4.5,2.3,6.6,6.8,6.1,3,3.5,3,5.8,6.4
N_47150,2,1,93,1,93,1,73,5,6.7,3.7,6.5,5.3,5.3,9.2,5.7,4.2,3.5,4.5,3.4,6.5,5.4
N_75061,1,1,5,1,5,1,0,1,8,3.3,6.1,5.7,5.5,8.7,5.9,3.8,4.7,6.6,4.2,7.5,7.3
N_63934,1,2,21,8,168,1,42,3,6.7,4,5.2,3.9,3,8.4,6.2,6,2.5,4.3,3.5,6.6,6.3
N_17392,2,2,30,9,270,0,44,5,8.7,3.2,6.1,4.3,3.5,5.6,6.1,6.5,3.1,2.9,2.5,4.6,5.4
N_73527,3,6,7,5,35,0,85,4,9,3.4,5.9,4.6,3.9,6.8,6.4,4.3,3.9,3.5,3.5,8,7.1
N_88543,2,8,42,6,252,1,87,2,9.6,4.1,6.2,7.3,2.9,7.7,6.1,4.4,5.2,4.6,4.9,9.9,8.7
N_79237,1,5,29,5,145,1,19,4,8.2,3.6,3.9,6.2,5.8,9,5.2,7.1,4.7,6.9,4.5,6.9,7.6
N_51696,2,2,99,9,891,1,32,2,6.1,4.9,3,4.8,5.1,8.2,5.1,6.8,4.5,4.9,3.2,5.5,6
N_31375,2,1,88,7,616,1,28,3,8.3,3.4,3.3,5.5,3.1,9.1,4.1,1.7,4.6,5.8,3.9,7.5,7
N_67032,3,4,3,3,9,0,53,4,9.4,3.8,4.7,5.4,3.8,8.5,4.9,6.2,4.1,4.5,4.1,8,7.6
N_17005,2,4,23,7,161,0,58,1,9.3,5.1,4.6,6.8,5.8,7.4,5.1,4.1,4.6,4.6,4.3,7.8,8.9
N_72900,3,9,30,6,180,1,74,2,5.1,5.1,6.6,6.9,4.4,5.9,7.2,5.2,4.9,6.3,4.5,7.9,7.6
N_44428,2,7,36,9,324,0,7,5,8,2.5,4.7,7.1,3.6,5.2,5.1,3.9,4.3,4.2,4.7,5.6,5.5
N_50314,3,8,16,5,80,1,28,3,5.9,4.1,5.7,5.9,5.8,8.4,6.4,5.1,5.2,5.8,4.8,8.6,7.4
N_28520,2,6,89,5,445,0,54,1,10,4.3,7.1,6.3,2.9,3.8,6.7,3.7,5,4,3.5,8.8,7.1
N_22002,3,7,54,10,540,1,21,2,5.7,3.8,6.8,7.5,5.7,8.2,6.6,4.8,6.5,7.3,5.2,7.6,7.6
N_16889,3,9,10,3,30,1,18,5,9.9,3.7,3.7,6.1,4.2,6.8,5.9,7.2,4.5,3.4,3.9,8.1,8.7
N_21991,1,4,8,6,48,0,5,3,7.9,3.9,4.3,5.8,4.4,4.7,5.2,3.6,4.1,4.2,4.3,7.8,8.6
N_80334,3,4,59,2,118,1,83,3,6.7,3.6,5.9,4.2,3.4,7.2,5.7,5.3,4,3.6,2.8,7.5,5.4
N_35223,3,1,43,8,344,0,46,4,8.2,2.7,3.7,7.4,2.7,5.3,5.3,5,4.5,4.3,4.9,7.1,5.7
N_22953,1,4,8,5,40,1,90,4,9.4,2.5,4.8,6.1,3.2,6.3,6.3,9.2,4.7,4.6,4.6,9,8.7
N_44577,2,6,37,9,333,0,78,5,6.9,3.4,5.7,4.4,3.3,5.2,6.4,4.4,3.2,2.7,3.3,7,6.1
N_71194,3,4,11,9,99,1,78,5,8,3.3,3.8,5.8,3.2,8.7,5.3,4.2,4.9,6.6,4.2,8.1,7.3
N_81915,2,5,99,8,792,0,22,3,9.3,3.8,7.3,5.7,3.7,7.4,6.6,5.9,4.1,3.2,3.4,7.6,7.7
N_41245,3,6,60,10,600,1,66,2,7.4,5.1,4.8,7.7,4.5,9.6,6.4,7.4,5.7,6.5,5.5,7.9,9
N_48170,3,8,67,10,670,0,60,5,7.6,3.6,5.2,5.8,5.6,4.4,6.7,6.4,4.6,3.9,4,7.5,8.2
N_17306,3,2,29,1,29,0,29,2,10,4.3,5.3,3.7,4.2,3.8,6.7,4.5,3.7,4,3.5,6.5,7.1
N_17264,3,4,10,5,50,1,46,5,9.9,2.8,7.2,6.9,2.6,5.4,6.2,7,5.6,4.9,4,8.5,7.9
N_68909,2,7,64,3,192,0,99,5,8.7,3.2,8.4,6.1,2.8,4.9,7.2,4.5,5.4,3.9,4.5,6.9,6.6
N_81830,1,7,41,2,82,1,86,2,8.4,3.8,6.7,5,4.5,6.7,5.1,4.2,2.7,5,3.6,7.6,8
N_50128,1,4,43,4,172,0,9,2,8.8,3.9,3.8,5.1,4.3,5.8,5,7.2,4.4,3.7,2.9,5.5,6.3
N_47144,1,9,21,1,21,1,65,1,7.7,2.2,6.3,4.5,2.4,6.2,6,4.7,3.3,3.1,2.6,6,6
N_19164,2,3,48,4,192,1,29,5,6.6,3.6,5.8,4.1,4.9,7.2,6.5,3.9,3.5,3.6,2.8,6.9,5.4
N_35386,2,3,93,2,186,1,27,5,5.7,3.8,3.5,6.7,5.4,8.2,5.4,5,4.7,7.3,5.2,6.9,7.6
N_34010,2,3,21,6,126,1,52,3,5.7,4,7.9,6.4,2.7,6.2,7.5,6.4,5,6.2,4.5,5.6,6.4
N_43992,1,8,91,4,364,1,93,5,5.5,3.7,4.7,5.4,4.3,6,5.6,2.5,4.5,5.9,4.3,6.3,6.1
N_52136,2,4,32,4,128,1,60,4,7.5,3.5,3.8,3.5,2.9,7.6,5.1,5.2,4,5.4,3.4,5.8,5.2
N_33519,3,5,59,5,295,1,13,3,6.4,3.6,2.7,5.3,3.9,7.1,5.2,5.5,4.7,6.6,3.9,6.6,6.6
N_14130,1,6,97,7,679,1,66,5,9.1,4.5,6.1,5.9,6.3,8.4,7.1,5.7,5.4,6.1,4.4,7.5,7.6
N_79168,2,1,99,2,198,0,97,3,6.7,3.2,3,3.7,4.8,5,5.2,2.5,2.9,2.6,3.1,6,5.8
N_32875,3,4,13,3,39,1,9,4,6.5,4.3,2.7,6.6,6.5,8.7,4.7,6.3,4.6,5.6,4.6,6.6,7.9
N_75135,2,2,58,4,232,1,36,5,9.9,3.7,7.5,4.7,5.6,6.8,7.2,4.6,4.1,3.4,3.9,8.8,8.6
N_85556,3,2,40,7,280,1,67,3,8.5,3.9,5.3,5.5,5,6.8,5.7,3.6,4.4,5.1,3.7,7,8.2
N_39934,1,2,3,3,9,0,62,2,9.9,3,6.8,5,5.4,4.9,7.3,7.6,3.1,4.3,3.8,6.6,7.1
N_55351,2,8,20,8,160,1,38,3,7.6,3.6,7.6,4.6,4.7,7.4,8.1,6.6,4.5,5.8,3.9,6.9,6.4
N_51271,3,4,41,8,328,0,24,3,9.4,3.8,7,6.2,4.7,8.5,7.3,2.4,4.3,4.5,4.1,7.3,7.6
N_29133,1,6,94,7,658,0,70,5,9.3,3.5,6.3,7.6,5.5,4.6,6.6,3.1,5.2,4.1,4.6,7.3,8.9
N_15610,3,5,46,3,138,1,37,2,7.1,3.4,4.9,4.1,4,7.8,6.1,3.5,2.6,3.1,2.7,5.8,5.7
N_71186,3,7,97,8,776,0,1,5,9.9,3,7.4,4.8,4,4.9,5.9,6.9,3.2,4.3,3.8,7.9,7.1
N_85594,2,1,100,5,500,0,73,1,8.7,3.2,6.4,4.9,2.4,6.8,6.3,5.1,4.3,3.7,4,7.3,7.4
N_76109,1,5,37,8,296,0,21,4,8.6,2.9,5.8,3.9,2.9,6.3,6.1,4,2.7,3,3,6.1,6.6
N_34291,2,7,80,8,640,1,2,5,6.4,3.2,6.7,3.6,2.2,8.4,7.3,6.5,2,3.7,1.6,5.1,5
N_57248,1,9,37,4,148,0,15,3,7.7,2.6,6.7,6.6,1.9,5.9,6.5,4.1,4.7,3.9,4.3,7.5,8.2
N_50879,1,9,78,4,312,1,77,4,7.5,3.5,4.1,4.5,3.5,7.6,4.9,2.8,3.4,5.4,3.4,6,5.2
N_10227,2,5,64,9,576,1,24,3,5,3.6,1.3,3,3.5,8.2,4.3,7.6,2.4,4.8,3.1,5.5,5.2
N_81403,2,3,33,1,33,0,22,5,7.7,2.6,8,6.7,3.5,5.9,6.9,7.7,5.1,3.9,4.3,7.6,8.2
N_85919,2,2,56,5,280,0,94,3,9.1,3.6,5.5,5.4,4.2,8.3,6.5,4.1,4.6,4.3,3.9,6.5,7.3
N_59666,3,2,74,8,592,1,25,1,5.5,5.5,7.7,7,5.6,6.3,7.4,4.9,5.5,6.7,4.9,7.6,8.2
N_26178,1,1,76,3,228,0,30,3,9.1,3.7,7,4.1,4.4,7.3,7.5,4.6,4.4,3,3.3,7.9,7.4
N_19513,3,1,2,2,4,1,99,4,7.1,4.2,4.1,2.6,2.1,9.9,5.5,3.5,2,4,2.4,5,4.8
N_25932,3,4,7,10,70,0,40,5,9.2,3.9,4.6,5.3,4.2,7.1,6.2,6.6,4.4,2.6,4.2,7.5,7.6
N_65028,3,3,80,7,560,1,61,5,9.3,3.5,5.4,7.8,4.6,4.6,6.4,4.9,4.8,4.1,4.6,7.6,8.9
N_67677,1,8,90,7,630,0,23,5,9.3,3.8,4,4.6,4.7,7.4,5.3,4.8,3.6,3.2,3.4,7.3,7.7
N_25103,1,9,51,1,51,0,78,4,8.6,4.8,5.6,5.3,2.3,6.7,5.8,3.6,4.9,3.6,3.6,8.1,7.3
N_12523,1,7,30,2,60,1,1,2,7.4,3.4,2.6,5,4.1,7.2,4.5,6.4,4.2,5.6,3.7,5.5,6.3
N_84243,2,3,60,4,240,0,24,4,8.7,3.2,3.3,3.2,3.1,5.6,5,4.3,3.1,2.9,2.5,7,5.4
N_19246,2,4,98,4,392,1,38,2,7.8,4.9,5.8,5.3,5.2,7.9,6,5.7,4.3,4.9,3.9,7.1,6.4
N_81533,1,3,36,6,216,1,8,1,7.9,3,4.4,5.1,5.9,9.7,5.7,5.8,3.4,5.4,3.5,7.3,6.4
N_15886,3,3,73,3,219,1,15,1,8.5,3.9,2.5,5.9,4.8,6.8,4.7,4.3,5,5.1,3.7,8,8.2
N_37024,3,5,53,3,159,0,30,5,8.2,2.7,5.1,7.2,3.4,5.3,5.5,4,3.9,4.3,4.9,6.5,5.7
N_57392,1,8,49,3,147,1,34,5,9.2,3.4,5.6,5.6,5.4,4.5,6.2,4.6,5.4,4,4.5,8.4,8.9
N_45346,2,2,61,2,122,1,12,2,6.4,3.3,7,3.7,4.7,8.8,7,3.6,4.3,4.1,3,6,4.8
N_44129,1,9,99,1,99,0,35,2,9,3.4,5.2,4.6,2.2,6.8,6.1,4.5,4.5,3.5,3.5,6.6,7.1
N_69640,1,8,11,8,88,1,26,5,6.5,2.8,3.1,4.1,4,8.5,5.1,9.5,3.6,4.7,3.3,6.3,4.7
N_24978,2,4,24,8,192,1,11,1,6.9,3.7,5,2.6,2.1,8.9,4.8,2.5,2.1,4.2,2,7.8,5.7
N_33725,2,5,93,2,186,1,7,5,6.2,3.3,3.9,4.8,4.6,6.9,5.4,4.8,4.3,6.3,3.7,5.8,6.3
N_27490,1,4,51,3,153,1,56,2,5.8,3.6,5.1,6.7,3.7,9.3,5.9,4.4,4.4,6.1,4.6,7.5,7
N_80920,3,5,89,4,356,1,45,5,6.4,4.5,5.1,6.1,4.7,8.4,5.4,5.3,4.1,5.8,4.4,5.9,5.5
N_51692,1,1,55,5,275,0,56,3,8.7,3.2,4.6,4.8,2.7,6.8,5.8,7.5,3.8,3.7,4,7,7.4
N_68991,1,9,14,3,42,1,79,5,6.1,4.9,6.3,3.9,4.4,8.2,5.8,5.9,3,4.9,3.2,6.3,6
N_21893,3,5,5,7,35,0,92,5,9.5,5.6,4.6,6.9,5,7.6,6.5,5.3,5.1,4.5,4.4,8.4,8.4
N_25369,2,4,68,2,136,0,38,3,9.2,3.9,5.7,5.5,2.4,7.1,6.7,3,4.5,2.6,4.2,6.9,7.6
N_73542,3,9,0,1,0,1,38,5,6.3,4.5,4.7,6.9,4.5,8.8,6,5.4,4.8,6.2,5.2,7,8
N_18811,2,2,78,3,234,0,93,2,8.7,3.2,4,6.8,3.2,4.9,6.1,5,4.3,3.9,4.5,6.4,6.6
N_82910,2,8,34,1,34,1,11,4,5.7,4,6.7,6,3.3,6.2,6.7,5.4,4.2,6.2,4.5,7.5,6.4
N_57535,2,4,30,6,180,1,83,4,5.9,4.1,5.5,7.2,3.5,8.4,6.2,6.3,5.7,5.8,4.8,6.9,7.4
N_53803,3,1,49,6,294,1,45,5,5.6,3.4,5.1,6.4,3.7,9.1,5.4,6.1,5,6,4.5,7.5,6.8
N_34055,1,2,51,6,306,1,7,2,9.1,4.5,3.6,6.4,5.3,8.4,5.8,6.7,4.5,6.1,4.4,8.5,7.6
N_43517,3,8,19,7,133,1,74,5,5.2,3.8,7.1,5.2,3.9,8.4,7.1,4.6,3.3,4.9,3.3,5.5,5.4
N_83934,2,4,5,7,35,1,37,2,9.6,5.7,6.8,5.9,5.4,4.5,6.4,6.5,4.3,3,4.3,9.6,9.9
N_78292,3,6,75,3,225,0,68,2,8.6,3.6,7.4,5.1,3.5,3.7,6.7,6,4.8,3.4,4,7.1,7
N_69400,1,5,4,6,24,1,65,2,9.3,2.4,2.6,7.2,2.2,6.2,6.4,4.2,6.7,4.4,4.5,8.1,8.6
N_88802,2,2,75,6,450,1,58,4,6,4.1,5.3,4.7,3.5,8,6.5,3.9,4.7,5.3,4,4.9,4.8
N_30757,3,9,7,6,42,1,28,2,6.4,3.6,6.6,6.1,4,7.1,6.1,3.7,5.6,6.6,3.9,6.8,6.6
N_33683,1,9,90,3,270,0,45,5,8.5,3,7.2,5.8,4.1,4.8,6.9,6.7,5.3,3.8,4.4,7.1,6.3
N_90000,3,1,34,9,306,1,74,3,7,3.3,5.4,5.5,2.6,9,6.5,5.9,4.3,5.2,3.7,5.5,5.4
N_87255,1,1,5,3,15,0,1,5,8.5,3,5.7,6,2.3,4.8,5.8,6,5.7,3.8,4.4,6.9,6.3
N_46819,1,4,28,9,252,1,84,4,7.6,3.6,3,4,5.1,7.7,4.9,7.2,4.7,5.5,3.5,5.5,5.4
N_81099,1,4,38,5,190,0,98,3,6.9,3.4,8.5,4.3,4.5,5.2,7.7,3.3,3.7,2.7,3.3,6.8,6.1
N_16892,1,2,68,10,680,1,13,5,8.1,2.5,7.2,4.5,2.3,6.6,6.8,6.1,3,3.5,3,5.8,6.4
N_37630,2,6,32,10,320,1,82,3,6.7,3.7,6.5,5.3,5.3,9.2,5.7,4.2,3.5,4.5,3.4,6.5,5.4
N_18520,1,2,91,2,182,1,9,4,8,3.3,6.1,5.7,5.5,8.7,5.9,3.8,4.7,6.6,4.2,7.5,7.3
N_77093,1,5,65,7,455,1,4,2,6.7,4,5.2,3.9,3,8.4,6.2,6,2.5,4.3,3.5,6.6,6.3
N_16124,2,1,74,2,148,0,33,4,8.7,3.2,6.1,4.3,3.5,5.6,6.1,6.5,3.1,2.9,2.5,4.6,5.4
N_57413,3,1,92,7,644,0,92,4,9,3.4,5.9,4.6,3.9,6.8,6.4,4.3,3.9,3.5,3.5,8,7.1
N_57674,2,4,87,10,870,1,33,2,9.6,4.1,6.2,7.3,2.9,7.7,6.1,4.4,5.2,4.6,4.9,9.9,8.7
N_68231,1,6,51,2,102,1,24,3,8.2,3.6,3.9,6.2,5.8,9,5.2,7.1,4.7,6.9,4.5,6.9,7.6
N_85024,2,9,43,10,430,1,86,3,6.1,4.9,3,4.8,5.1,8.2,5.1,6.8,4.5,4.9,3.2,5.5,6
N_53210,2,1,4,4,16,1,36,1,8.3,3.4,3.3,5.5,3.1,9.1,4.1,1.7,4.6,5.8,3.9,7.5,7
N_47825,3,3,97,5,485,0,24,4,9.4,3.8,4.7,5.4,3.8,8.5,4.9,6.2,4.1,4.5,4.1,8,7.6
N_30497,2,5,27,8,216,0,88,5,9.3,5.1,4.6,6.8,5.8,7.4,5.1,4.1,4.6,4.6,4.3,7.8,8.9
N_59161,3,9,63,2,126,1,88,4,5.1,5.1,6.6,6.9,4.4,5.9,7.2,5.2,4.9,6.3,4.5,7.9,7.6
N_59469,2,6,12,2,24,0,14,1,8,2.5,4.7,7.1,3.6,5.2,5.1,3.9,4.3,4.2,4.7,5.6,5.5
N_33300,3,6,23,6,138,1,26,2,5.9,4.1,5.7,5.9,5.8,8.4,6.4,5.1,5.2,5.8,4.8,8.6,7.4
N_16427,2,1,6,5,30,0,2,2,10,4.3,7.1,6.3,2.9,3.8,6.7,3.7,5,4,3.5,8.8,7.1
N_50999,3,5,63,2,126,1,95,5,5.7,3.8,6.8,7.5,5.7,8.2,6.6,4.8,6.5,7.3,5.2,7.6,7.6
N_20126,3,8,64,1,64,1,52,2,9.9,3.7,3.7,6.1,4.2,6.8,5.9,7.2,4.5,3.4,3.9,8.1,8.7
N_36438,1,7,27,1,27,0,90,4,7.9,3.9,4.3,5.8,4.4,4.7,5.2,3.6,4.1,4.2,4.3,7.8,8.6
N_84138,3,9,85,3,255,1,97,5,6.7,3.6,5.9,4.2,3.4,7.2,5.7,5.3,4,3.6,2.8,7.5,5.4
N_68341,3,3,19,4,76,0,29,5,8.2,2.7,3.7,7.4,2.7,5.3,5.3,5,4.5,4.3,4.9,7.1,5.7
N_71327,1,3,7,9,63,1,9,5,9.4,2.5,4.8,6.1,3.2,6.3,6.3,9.2,4.7,4.6,4.6,9,8.7
N_48939,2,4,10,8,80,0,63,1,6.9,3.4,5.7,4.4,3.3,5.2,6.4,4.4,3.2,2.7,3.3,7,6.1
N_14979,3,2,95,4,380,1,36,4,8,3.3,3.8,5.8,3.2,8.7,5.3,4.2,4.9,6.6,4.2,8.1,7.3
N_77265,2,8,67,7,469,0,0,4,9.3,3.8,7.3,5.7,3.7,7.4,6.6,5.9,4.1,3.2,3.4,7.6,7.7
N_63587,3,1,12,3,36,1,93,2,7.4,5.1,4.8,7.7,4.5,9.6,6.4,7.4,5.7,6.5,5.5,7.9,9
N_37185,3,1,51,2,102,0,91,1,7.6,3.6,5.2,5.8,5.6,4.4,6.7,6.4,4.6,3.9,4,7.5,8.2
N_37497,3,5,43,7,301,0,50,5,10,4.3,5.3,3.7,4.2,3.8,6.7,4.5,3.7,4,3.5,6.5,7.1
N_73810,3,2,41,2,82,1,55,1,9.9,2.8,7.2,6.9,2.6,5.4,6.2,7,5.6,4.9,4,8.5,7.9
N_34878,2,9,16,2,32,0,78,5,8.7,3.2,8.4,6.1,2.8,4.9,7.2,4.5,5.4,3.9,4.5,6.9,6.6
N_40135,1,2,58,2,116,1,10,1,8.4,3.8,6.7,5,4.5,6.7,5.1,4.2,2.7,5,3.6,7.6,8
N_57993,1,2,19,5,95,0,19,2,8.8,3.9,3.8,5.1,4.3,5.8,5,7.2,4.4,3.7,2.9,5.5,6.3
N_88594,1,4,39,3,117,1,91,5,7.7,2.2,6.3,4.5,2.4,6.2,6,4.7,3.3,3.1,2.6,6,6
N_38698,2,5,59,9,531,1,89,2,6.6,3.6,5.8,4.1,4.9,7.2,6.5,3.9,3.5,3.6,2.8,6.9,5.4
N_84945,2,9,77,9,693,1,27,3,5.7,3.8,3.5,6.7,5.4,8.2,5.4,5,4.7,7.3,5.2,6.9,7.6
N_38985,2,8,19,9,171,1,52,1,5.7,4,7.9,6.4,2.7,6.2,7.5,6.4,5,6.2,4.5,5.6,6.4
N_56396,1,9,77,4,308,1,77,1,5.5,3.7,4.7,5.4,4.3,6,5.6,2.5,4.5,5.9,4.3,6.3,6.1
N_84427,2,1,21,5,105,1,88,1,7.5,3.5,3.8,3.5,2.9,7.6,5.1,5.2,4,5.4,3.4,5.8,5.2
N_80732,3,8,19,7,133,1,63,3,6.4,3.6,2.7,5.3,3.9,7.1,5.2,5.5,4.7,6.6,3.9,6.6,6.6
N_80730,1,2,60,2,120,1,98,1,9.1,4.5,6.1,5.9,6.3,8.4,7.1,5.7,5.4,6.1,4.4,7.5,7.6
N_53952,2,2,34,8,272,0,9,2,6.7,3.2,3,3.7,4.8,5,5.2,2.5,2.9,2.6,3.1,6,5.8
N_76227,3,5,22,3,66,1,68,5,6.5,4.3,2.7,6.6,6.5,8.7,4.7,6.3,4.6,5.6,4.6,6.6,7.9
N_47716,2,2,47,8,376,1,40,5,9.9,3.7,7.5,4.7,5.6,6.8,7.2,4.6,4.1,3.4,3.9,8.8,8.6
N_69375,3,3,91,3,273,1,2,5,8.5,3.9,5.3,5.5,5,6.8,5.7,3.6,4.4,5.1,3.7,7,8.2
N_52961,1,3,97,9,873,0,41,3,9.9,3,6.8,5,5.4,4.9,7.3,7.6,3.1,4.3,3.8,6.6,7.1
N_89468,2,7,38,9,342,1,39,5,7.6,3.6,7.6,4.6,4.7,7.4,8.1,6.6,4.5,5.8,3.9,6.9,6.4
N_75988,3,9,84,3,252,0,52,4,9.4,3.8,7,6.2,4.7,8.5,7.3,2.4,4.3,4.5,4.1,7.3,7.6
N_23942,1,7,96,6,576,0,49,2,9.3,3.5,6.3,7.6,5.5,4.6,6.6,3.1,5.2,4.1,4.6,7.3,8.9
N_18402,3,6,13,9,117,1,72,1,7.1,3.4,4.9,4.1,4,7.8,6.1,3.5,2.6,3.1,2.7,5.8,5.7
N_41767,3,9,40,8,320,0,91,3,9.9,3,7.4,4.8,4,4.9,5.9,6.9,3.2,4.3,3.8,7.9,7.1
N_89999,2,6,7,6,42,0,31,3,8.7,3.2,6.4,4.9,2.4,6.8,6.3,5.1,4.3,3.7,4,7.3,7.4
N_67314,1,1,15,3,45,0,88,2,8.6,2.9,5.8,3.9,2.9,6.3,6.1,4,2.7,3,3,6.1,6.6
N_27980,2,2,83,3,249,1,86,2,6.4,3.2,6.7,3.6,2.2,8.4,7.3,6.5,2,3.7,1.6,5.1,5
N_61597,1,5,51,9,459,0,61,3,7.7,2.6,6.7,6.6,1.9,5.9,6.5,4.1,4.7,3.9,4.3,7.5,8.2
N_52720,1,7,24,2,48,1,65,2,7.5,3.5,4.1,4.5,3.5,7.6,4.9,2.8,3.4,5.4,3.4,6,5.2
N_77833,2,3,58,3,174,1,4,2,5,3.6,1.3,3,3.5,8.2,4.3,7.6,2.4,4.8,3.1,5.5,5.2
N_74920,2,1,4,8,32,0,78,1,7.7,2.6,8,6.7,3.5,5.9,6.9,7.7,5.1,3.9,4.3,7.6,8.2
N_89879,2,3,6,9,54,0,40,4,9.1,3.6,5.5,5.4,4.2,8.3,6.5,4.1,4.6,4.3,3.9,6.5,7.3
N_79043,3,7,67,3,201,1,85,3,5.5,5.5,7.7,7,5.6,6.3,7.4,4.9,5.5,6.7,4.9,7.6,8.2
N_26157,1,7,76,10,760,0,37,3,9.1,3.7,7,4.1,4.4,7.3,7.5,4.6,4.4,3,3.3,7.9,7.4
N_76637,3,3,79,3,237,1,47,2,7.1,4.2,4.1,2.6,2.1,9.9,5.5,3.5,2,4,2.4,5,4.8
N_41729,3,3,55,2,110,0,40,2,9.2,3.9,4.6,5.3,4.2,7.1,6.2,6.6,4.4,2.6,4.2,7.5,7.6
N_32428,3,5,50,8,400,1,50,3,9.3,3.5,5.4,7.8,4.6,4.6,6.4,4.9,4.8,4.1,4.6,7.6,8.9
N_18751,1,2,6,1,6,0,31,4,9.3,3.8,4,4.6,4.7,7.4,5.3,4.8,3.6,3.2,3.4,7.3,7.7
N_73402,1,5,42,10,420,0,37,3,8.6,4.8,5.6,5.3,2.3,6.7,5.8,3.6,4.9,3.6,3.6,8.1,7.3
N_19052,1,5,24,4,96,1,44,2,7.4,3.4,2.6,5,4.1,7.2,4.5,6.4,4.2,5.6,3.7,5.5,6.3
N_13473,2,7,23,2,46,0,60,4,8.7,3.2,3.3,3.2,3.1,5.6,5,4.3,3.1,2.9,2.5,7,5.4
N_15720,2,7,17,5,85,1,91,1,7.8,4.9,5.8,5.3,5.2,7.9,6,5.7,4.3,4.9,3.9,7.1,6.4
N_33795,1,5,58,5,290,1,22,3,7.9,3,4.4,5.1,5.9,9.7,5.7,5.8,3.4,5.4,3.5,7.3,6.4
,,,,,,,,,,,,,,,,,,,,,
,,,,,,,,,,,,,,,,,,,,,
,,,,,,,,,,,,,,,,,,,,,
,,,,,,,,,,,,,,,,,,,,,
,,,,,,,,,,,,,,,,,,,,,
,,,,,,,,,,,,,,,,,,,,,
,,,,,,,,,,,,,,,,,,,,,
,,,,,,,,,,,,,,,,,,,,,
,,,,,,,,,,,,,,,,,,,,,
,,,,,,,,,,,,,,,,,,,,,
,,,,,,,,,,,,,,,,,,,,,
,,,,,,,,,,,,,,,,,,,,,
,,,,,,,,,,,,,,,,,,,,,
,,,,,,,,,,,,,,,,,,,,,
,,,,,,,,,,,,,,,,,,,,,
,,,,,,,,,,,,,,,,,,,,,
,,,,,,,,,,,,,,,,,,,,,
,,,,,,,,,,,,,,,,,,,,,
,,,,,,,,,,,,,,,,,,,,,
,,,,,,,,,,,,,,,,,,,,,
,,,,,,,,,,,,,,,,,,,,,
,,,,,,,,,,,,,,,,,,,,,
,,,,,,,,,,,,,,,,,,,,,
,,,,,,,,,,,,,,,,,,,,,
,,,,,,,,,,,,,,,,,,,,,
,,,,,,,,,,,,,,,,,,,,,
,,,,,,,,,,,,,,,,,,,,,
,,,,,,,,,,,,,,,,,,,,,
,,,,,,,,,,,,,,,,,,,,,
,,,,,,,,,,,,,,,,,,,,,
,,,,,,,,,,,,,,,,,,,,,
,,,,,,,,,,,,,,,,,,,,,
,,,,,,,,,,,,,,,,,,,,,
,,,,,,,,,,,,,,,,,,,,,
,,,,,,,,,,,,,,,,,,,,,
,,,,,,,,,,,,,,,,,,,,,
,,,,,,,,,,,,,,,,,,,,,
,,,,,,,,,,,,,,,,,,,,,
,,,,,,,,,,,,,,,,,,,,,
,,,,,,,,,,,,,,,,,,,,,
,,,,,,,,,,,,,,,,,,,,,
,,,,,,,,,,,,,,,,,,,,,
,,,,,,,,,,,,,,,,,,,,,
,,,,,,,,,,,,,,,,,,,,,
,,,,,,,,,,,,,,,,,,,,,
,,,,,,,,,,,,,,,,,,,,,
,,,,,,,,,,,,,,,,,,,,,
,,,,,,,,,,,,,,,,,,,,,
,,,,,,,,,,,,,,,,,,,,,
,,,,,,,,,,,,,,,,,,,,,
,,,,,,,,,,,,,,,,,,,,,
,,,,,,,,,,,,,,,,,,,,,
,,,,,,,,,,,,,,,,,,,,,
,,,,,,,,,,,,,,,,,,,,,
,,,,,,,,,,,,,,,,,,,,,
,,,,,,,,,,,,,,,,,,,,,
,,,,,,,,,,,,,,,,,,,,,
,,,,,,,,,,,,,,,,,,,,,
,,,,,,,,,,,,,,,,,,,,,
,,,,,,,,,,,,,,,,,,,,,
,,,,,,,,,,,,,,,,,,,,,
,,,,,,,,,,,,,,,,,,,,,
,,,,,,,,,,,,,,,,,,,,,
,,,,,,,,,,,,,,,,,,,,,
,,,,,,,,,,,,,,,,,,,,,
,,,,,,,,,,,,,,,,,,,,,
,,,,,,,,,,,,,,,,,,,,,
,,,,,,,,,,,,,,,,,,,,,
,,,,,,,,,,,,,,,,,,,,,
,,,,,,,,,,,,,,,,,,,,,
,,,,,,,,,,,,,,,,,,,,,
,,,,,,,,,,,,,,,,,,,,,
,,,,,,,,,,,,,,,,,,,,,
,,,,,,,,,,,,,,,,,,,,,
,,,,,,,,,,,,,,,,,,,,,
,,,,,,,,,,,,,,,,,,,,,
,,,,,,,,,,,,,,,,,,,,,
,,,,,,,,,,,,,,,,,,,,,
,,,,,,,,,,,,,,,,,,,,,
,,,,,,,,,,,,,,,,,,,,,
,,,,,,,,,,,,,,,,,,,,,
,,,,,,,,,,,,,,,,,,,,,
,,,,,,,,,,,,,,,,,,,,,
,,,,,,,,,,,,,,,,,,,,,
,,,,,,,,,,,,,,,,,,,,,
,,,,,,,,,,,,,,,,,,,,,
,,,,,,,,,,,,,,,,,,,,,
,,,,,,,,,,,,,,,,,,,,,
,,,,,,,,,,,,,,,,,,,,,
,,,,,,,,,,,,,,,,,,,,,
,,,,,,,,,,,,,,,,,,,,,
,,,,,,,,,,,,,,,,,,,,,
,,,,,,,,,,,,,,,,,,,,,
,,,,,,,,,,,,,,,,,,,,,
,,,,,,,,,,,,,,,,,,,,,
,,,,,,,,,,,,,,,,,,,,,
,,,,,,,,,,,,,,,,,,,,,
,,,,,,,,,,,,,,,,,,,,,
,,,,,,,,,,,,,,,,,,,,,
,,,,,,,,,,,,,,,,,,,,,
,,,,,,,,,,,,,,,,,,,,,
,,,,,,,,,,,,,,,,,,,,,
,,,,,,,,,,,,,,,,,,,,,
,,,,,,,,,,,,,,,,,,,,,
,,,,,,,,,,,,,,,,,,,,,
,,,,,,,,,,,,,,,,,,,,,
,,,,,,,,,,,,,,,,,,,,,
,,,,,,,,,,,,,,,,,,,,,
,,,,,,,,,,,,,,,,,,,,,
,,,,,,,,,,,,,,,,,,,,,
,,,,,,,,,,,,,,,,,,,,,
,,,,,,,,,,,,,,,,,,,,,
,,,,,,,,,,,,,,,,,,,,,
,,,,,,,,,,,,,,,,,,,,,
,,,,,,,,,,,,,,,,,,,,,
,,,,,,,,,,,,,,,,,,,,,
,,,,,,,,,,,,,,,,,,,,,
,,,,,,,,,,,,,,,,,,,,,
,,,,,,,,,,,,,,,,,,,,,
,,,,,,,,,,,,,,,,,,,,,
,,,,,,,,,,,,,,,,,,,,,
,,,,,,,,,,,,,,,,,,,,,
,,,,,,,,,,,,,,,,,,,,,
,,,,,,,,,,,,,,,,,,,,,
,,,,,,,,,,,,,,,,,,,,,
,,,,,,,,,,,,,,,,,,,,,
,,,,,,,,,,,,,,,,,,,,,
,,,,,,,,,,,,,,,,,,,,,
,,,,,,,,,,,,,,,,,,,,,
,,,,,,,,,,,,,,,,,,,,,
,,,,,,,,,,,,,,,,,,,,,
,,,,,,,,,,,,,,,,,,,,,
,,,,,,,,,,,,,,,,,,,,,
,,,,,,,,,,,,,,,,,,,,,
,,,,,,,,,,,,,,,,,,,,,
,,,,,,,,,,,,,,,,,,,,,
,,,,,,,,,,,,,,,,,,,,,
,,,,,,,,,,,,,,,,,,,,,
,,,,,,,,,,,,,,,,,,,,,
,,,,,,,,,,,,,,,,,,,,,
,,,,,,,,,,,,,,,,,,,,,
,,,,,,,,,,,,,,,,,,,,,
,,,,,,,,,,,,,,,,,,,,,
,,,,,,,,,,,,,,,,,,,,,
,,,,,,,,,,,,,,,,,,,,,
,,,,,,,,,,,,,,,,,,,,,
,,,,,,,,,,,,,,,,,,,,,
,,,,,,,,,,,,,,,,,,,,,
,,,,,,,,,,,,,,,,,,,,,
,,,,,,,,,,,,,,,,,,,,,
,,,,,,,,,,,,,,,,,,,,,
,,,,,,,,,,,,,,,,,,,,,
,,,,,,,,,,,,,,,,,,,,,
,,,,,,,,,,,,,,,,,,,,,
,,,,,,,,,,,,,,,,,,,,,
,,,,,,,,,,,,,,,,,,,,,
,,,,,,,,,,,,,,,,,,,,,
,,,,,,,,,,,,,,,,,,,,,
,,,,,,,,,,,,,,,,,,,,,
,,,,,,,,,,,,,,,,,,,,,
,,,,,,,,,,,,,,,,,,,,,
,,,,,,,,,,,,,,,,,,,,,
,,,,,,,,,,,,,,,,,,,,,
,,,,,,,,,,,,,,,,,,,,,
,,,,,,,,,,,,,,,,,,,,,
,,,,,,,,,,,,,,,,,,,,,
,,,,,,,,,,,,,,,,,,,,,
,,,,,,,,,,,,,,,,,,,,,
,,,,,,,,,,,,,,,,,,,,,
,,,,,,,,,,,,,,,,,,,,,
,,,,,,,,,,,,,,,,,,,,,
,,,,,,,,,,,,,,,,,,,,,
,,,,,,,,,,,,,,,,,,,,,
,,,,,,,,,,,,,,,,,,,,,
,,,,,,,,,,,,,,,,,,,,,
,,,,,,,,,,,,,,,,,,,,,
,,,,,,,,,,,,,,,,,,,,,
,,,,,,,,,,,,,,,,,,,,,
,,,,,,,,,,,,,,,,,,,,,
,,,,,,,,,,,,,,,,,,,,,
,,,,,,,,,,,,,,,,,,,,,
,,,,,,,,,,,,,,,,,,,,,
,,,,,,,,,,,,,,,,,,,,,
,,,,,,,,,,,,,,,,,,,,,
,,,,,,,,,,,,,,,,,,,,,
,,,,,,,,,,,,,,,,,,,,,
,,,,,,,,,,,,,,,,,,,,,
,,,,,,,,,,,,,,,,,,,,,
,,,,,,,,,,,,,,,,,,,,,
,,,,,,,,,,,,,,,,,,,,,
,,,,,,,,,,,,,,,,,,,,,
,,,,,,,,,,,,,,,,,,,,,
,,,,,,,,,,,,,,,,,,,,,
,,,,,,,,,,,,,,,,,,,,,
,,,,,,,,,,,,,,,,,,,,,
,,,,,,,,,,,,,,,,,,,,,
,,,,,,,,,,,,,,,,,,,,,
,,,,,,,,,,,,,,,,,,,,,
,,,,,,,,,,,,,,,,,,,,,
,,,,,,,,,,,,,,,,,,,,,
,,,,,,,,,,,,,,,,,,,,,
,,,,,,,,,,,,,,,,,,,,,
,,,,,,,,,,,,,,,,,,,,,
,,,,,,,,,,,,,,,,,,,,,
,,,,,,,,,,,,,,,,,,,,,
,,,,,,,,,,,,,,,,,,,,,
,,,,,,,,,,,,,,,,,,,,,
,,,,,,,,,,,,,,,,,,,,,
,,,,,,,,,,,,,,,,,,,,,
,,,,,,,,,,,,,,,,,,,,,
,,,,,,,,,,,,,,,,,,,,,
,,,,,,,,,,,,,,,,,,,,,
,,,,,,,,,,,,,,,,,,,,,
,,,,,,,,,,,,,,,,,,,,,
,,,,,,,,,,,,,,,,,,,,,
,,,,,,,,,,,,,,,,,,,,,
,,,,,,,,,,,,,,,,,,,,,
,,,,,,,,,,,,,,,,,,,,,
,,,,,,,,,,,,,,,,,,,,,
,,,,,,,,,,,,,,,,,,,,,
,,,,,,,,,,,,,,,,,,,,,
,,,,,,,,,,,,,,,,,,,,,
,,,,,,,,,,,,,,,,,,,,,
,,,,,,,,,,,,,,,,,,,,,
,,,,,,,,,,,,,,,,,,,,,
,,,,,,,,,,,,,,,,,,,,,
,,,,,,,,,,,,,,,,,,,,,
,,,,,,,,,,,,,,,,,,,,,
,,,,,,,,,,,,,,,,,,,,,
,,,,,,,,,,,,,,,,,,,,,
,,,,,,,,,,,,,,,,,,,,,
,,,,,,,,,,,,,,,,,,,,,
,,,,,,,,,,,,,,,,,,,,,
,,,,,,,,,,,,,,,,,,,,,
,,,,,,,,,,,,,,,,,,,,,
,,,,,,,,,,,,,,,,,,,,,
,,,,,,,,,,,,,,,,,,,,,
,,,,,,,,,,,,,,,,,,,,,
,,,,,,,,,,,,,,,,,,,,,
,,,,,,,,,,,,,,,,,,,,,
,,,,,,,,,,,,,,,,,,,,,
,,,,,,,,,,,,,,,,,,,,,
,,,,,,,,,,,,,,,,,,,,,
,,,,,,,,,,,,,,,,,,,,,
,,,,,,,,,,,,,,,,,,,,,
,,,,,,,,,,,,,,,,,,,,,
,,,,,,,,,,,,,,,,,,,,,
,,,,,,,,,,,,,,,,,,,,,
,,,,,,,,,,,,,,,,,,,,,
,,,,,,,,,,,,,,,,,,,,,
,,,,,,,,,,,,,,,,,,,,,
,,,,,,,,,,,,,,,,,,,,,
,,,,,,,,,,,,,,,,,,,,,
,,,,,,,,,,,,,,,,,,,,,
,,,,,,,,,,,,,,,,,,,,,
,,,,,,,,,,,,,,,,,,,,,
,,,,,,,,,,,,,,,,,,,,,
,,,,,,,,,,,,,,,,,,,,,
,,,,,,,,,,,,,,,,,,,,,
,,,,,,,,,,,,,,,,,,,,,
,,,,,,,,,,,,,,,,,,,,,
,,,,,,,,,,,,,,,,,,,,,
,,,,,,,,,,,,,,,,,,,,,
,,,,,,,,,,,,,,,,,,,,,
,,,,,,,,,,,,,,,,,,,,,
,,,,,,,,,,,,,,,,,,,,,
,,,,,,,,,,,,,,,,,,,,,
,,,,,,,,,,,,,,,,,,,,,
,,,,,,,,,,,,,,,,,,,,,
,,,,,,,,,,,,,,,,,,,,,
,,,,,,,,,,,,,,,,,,,,,
,,,,,,,,,,,,,,,,,,,,,
,,,,,,,,,,,,,,,,,,,,,
,,,,,,,,,,,,,,,,,,,,,
,,,,,,,,,,,,,,,,,,,,,
,,,,,,,,,,,,,,,,,,,,,
,,,,,,,,,,,,,,,,,,,,,
,,,,,,,,,,,,,,,,,,,,,
,,,,,,,,,,,,,,,,,,,,,
,,,,,,,,,,,,,,,,,,,,,
,,,,,,,,,,,,,,,,,,,,,
,,,,,,,,,,,,,,,,,,,,,
,,,,,,,,,,,,,,,,,,,,,
,,,,,,,,,,,,,,,,,,,,,
,,,,,,,,,,,,,,,,,,,,,
,,,,,,,,,,,,,,,,,,,,,
,,,,,,,,,,,,,,,,,,,,,
,,,,,,,,,,,,,,,,,,,,,
,,,,,,,,,,,,,,,,,,,,,
,,,,,,,,,,,,,,,,,,,,,
,,,,,,,,,,,,,,,,,,,,,
,,,,,,,,,,,,,,,,,,,,,
,,,,,,,,,,,,,,,,,,,,,
,,,,,,,,,,,,,,,,,,,,,
,,,,,,,,,,,,,,,,,,,,,
,,,,,,,,,,,,,,,,,,,,,
,,,,,,,,,,,,,,,,,,,,,
,,,,,,,,,,,,,,,,,,,,,
,,,,,,,,,,,,,,,,,,,,,
,,,,,,,,,,,,,,,,,,,,,
,,,,,,,,,,,,,,,,,,,,,
,,,,,,,,,,,,,,,,,,,,,
,,,,,,,,,,,,,,,,,,,,,
,,,,,,,,,,,,,,,,,,,,,
,,,,,,,,,,,,,,,,,,,,,
,,,,,,,,,,,,,,,,,,,,,
,,,,,,,,,,,,,,,,,,,,,
,,,,,,,,,,,,,,,,,,,,,
,,,,,,,,,,,,,,,,,,,,,
,,,,,,,,,,,,,,,,,,,,,
,,,,,,,,,,,,,,,,,,,,,
,,,,,,,,,,,,,,,,,,,,,
,,,,,,,,,,,,,,,,,,,,,
,,,,,,,,,,,,,,,,,,,,,
,,,,,,,,,,,,,,,,,,,,,
,,,,,,,,,,,,,,,,,,,,,
,,,,,,,,,,,,,,,,,,,,,
,,,,,,,,,,,,,,,,,,,,,
,,,,,,,,,,,,,,,,,,,,,
,,,,,,,,,,,,,,,,,,,,,
,,,,,,,,,,,,,,,,,,,,,
,,,,,,,,,,,,,,,,,,,,,
,,,,,,,,,,,,,,,,,,,,,
,,,,,,,,,,,,,,,,,,,,,
,,,,,,,,,,,,,,,,,,,,,
,,,,,,,,,,,,,,,,,,,,,
,,,,,,,,,,,,,,,,,,,,,
,,,,,,,,,,,,,,,,,,,,,
,,,,,,,,,,,,,,,,,,,,,
,,,,,,,,,,,,,,,,,,,,,
,,,,,,,,,,,,,,,,,,,,,
,,,,,,,,,,,,,,,,,,,,,
,,,,,,,,,,,,,,,,,,,,,
,,,,,,,,,,,,,,,,,,,,,
,,,,,,,,,,,,,,,,,,,,,
,,,,,,,,,,,,,,,,,,,,,
,,,,,,,,,,,,,,,,,,,,,
,,,,,,,,,,,,,,,,,,,,,
,,,,,,,,,,,,,,,,,,,,,
,,,,,,,,,,,,,,,,,,,,,
,,,,,,,,,,,,,,,,,,,,,
,,,,,,,,,,,,,,,,,,,,,
,,,,,,,,,,,,,,,,,,,,,
,,,,,,,,,,,,,,,,,,,,,
,,,,,,,,,,,,,,,,,,,,,
,,,,,,,,,,,,,,,,,,,,,
,,,,,,,,,,,,,,,,,,,,,
,,,,,,,,,,,,,,,,,,,,,
,,,,,,,,,,,,,,,,,,,,,
,,,,,,,,,,,,,,,,,,,,,
,,,,,,,,,,,,,,,,,,,,,
,,,,,,,,,,,,,,,,,,,,,
,,,,,,,,,,,,,,,,,,,,,
,,,,,,,,,,,,,,,,,,,,,
,,,,,,,,,,,,,,,,,,,,,
,,,,,,,,,,,,,,,,,,,,,
,,,,,,,,,,,,,,,,,,,,,
,,,,,,,,,,,,,,,,,,,,,
,,,,,,,,,,,,,,,,,,,,,
,,,,,,,,,,,,,,,,,,,,,
,,,,,,,,,,,,,,,,,,,,,
,,,,,,,,,,,,,,,,,,,,,
,,,,,,,,,,,,,,,,,,,,,
,,,,,,,,,,,,,,,,,,,,,
,,,,,,,,,,,,,,,,,,,,,
,,,,,,,,,,,,,,,,,,,,,
,,,,,,,,,,,,,,,,,,,,,
,,,,,,,,,,,,,,,,,,,,,
,,,,,,,,,,,,,,,,,,,,,
,,,,,,,,,,,,,,,,,,,,,
,,,,,,,,,,,,,,,,,,,,,
,,,,,,,,,,,,,,,,,,,,,
,,,,,,,,,,,,,,,,,,,,,
,,,,,,,,,,,,,,,,,,,,,
,,,,,,,,,,,,,,,,,,,,,
,,,,,,,,,,,,,,,,,,,,,
,,,,,,,,,,,,,,,,,,,,,
,,,,,,,,,,,,,,,,,,,,,
,,,,,,,,,,,,,,,,,,,,,
,,,,,,,,,,,,,,,,,,,,,
,,,,,,,,,,,,,,,,,,,,,
,,,,,,,,,,,,,,,,,,,,,
,,,,,,,,,,,,,,,,,,,,,
,,,,,,,,,,,,,,,,,,,,,
,,,,,,,,,,,,,,,,,,,,,
,,,,,,,,,,,,,,,,,,,,,
,,,,,,,,,,,,,,,,,,,,,
,,,,,,,,,,,,,,,,,,,,,
,,,,,,,,,,,,,,,,,,,,,
,,,,,,,,,,,,,,,,,,,,,
,,,,,,,,,,,,,,,,,,,,,
,,,,,,,,,,,,,,,,,,,,,
,,,,,,,,,,,,,,,,,,,,,
,,,,,,,,,,,,,,,,,,,,,
,,,,,,,,,,,,,,,,,,,,,
,,,,,,,,,,,,,,,,,,,,,
,,,,,,,,,,,,,,,,,,,,,
,,,,,,,,,,,,,,,,,,,,,
,,,,,,,,,,,,,,,,,,,,,
,,,,,,,,,,,,,,,,,,,,,
,,,,,,,,,,,,,,,,,,,,,
,,,,,,,,,,,,,,,,,,,,,
,,,,,,,,,,,,,,,,,,,,,
,,,,,,,,,,,,,,,,,,,,,
,,,,,,,,,,,,,,,,,,,,,
,,,,,,,,,,,,,,,,,,,,,
,,,,,,,,,,,,,,,,,,,,,
,,,,,,,,,,,,,,,,,,,,,
,,,,,,,,,,,,,,,,,,,,,
,,,,,,,,,,,,,,,,,,,,,
,,,,,,,,,,,,,,,,,,,,,
,,,,,,,,,,,,,,,,,,,,,
,,,,,,,,,,,,,,,,,,,,,
,,,,,,,,,,,,,,,,,,,,,
,,,,,,,,,,,,,,,,,,,,,
,,,,,,,,,,,,,,,,,,,,,
,,,,,,,,,,,,,,,,,,,,,
,,,,,,,,,,,,,,,,,,,,,
,,,,,,,,,,,,,,,,,,,,,
,,,,,,,,,,,,,,,,,,,,,
,,,,,,,,,,,,,,,,,,,,,
,,,,,,,,,,,,,,,,,,,,,
,,,,,,,,,,,,,,,,,,,,,
,,,,,,,,,,,,,,,,,,,,,
,,,,,,,,,,,,,,,,,,,,,
,,,,,,,,,,,,,,,,,,,,,
,,,,,,,,,,,,,,,,,,,,,
,,,,,,,,,,,,,,,,,,,,,
,,,,,,,,,,,,,,,,,,,,,
,,,,,,,,,,,,,,,,,,,,,
,,,,,,,,,,,,,,,,,,,,,
,,,,,,,,,,,,,,,,,,,,,
,,,,,,,,,,,,,,,,,,,,,
,,,,,,,,,,,,,,,,,,,,,
,,,,,,,,,,,,,,,,,,,,,
,,,,,,,,,,,,,,,,,,,,,
,,,,,,,,,,,,,,,,,,,,,
,,,,,,,,,,,,,,,,,,,,,
,,,,,,,,,,,,,,,,,,,,,
,,,,,,,,,,,,,,,,,,,,,
,,,,,,,,,,,,,,,,,,,,,
,,,,,,,,,,,,,,,,,,,,,
,,,,,,,,,,,,,,,,,,,,,
,,,,,,,,,,,,,,,,,,,,,
,,,,,,,,,,,,,,,,,,,,,
,,,,,,,,,,,,,,,,,,,,,
,,,,,,,,,,,,,,,,,,,,,
,,,,,,,,,,,,,,,,,,,,,
,,,,,,,,,,,,,,,,,,,,,
,,,,,,,,,,,,,,,,,,,,,
,,,,,,,,,,,,,,,,,,,,,
,,,,,,,,,,,,,,,,,,,,,
,,,,,,,,,,,,,,,,,,,,,
,,,,,,,,,,,,,,,,,,,,,
,,,,,,,,,,,,,,,,,,,,,
,,,,,,,,,,,,,,,,,,,,,
,,,,,,,,,,,,,,,,,,,,,
,,,,,,,,,,,,,,,,,,,,,
,,,,,,,,,,,,,,,,,,,,,
,,,,,,,,,,,,,,,,,,,,,
,,,,,,,,,,,,,,,,,,,,,
,,,,,,,,,,,,,,,,,,,,,
,,,,,,,,,,,,,,,,,,,,,
,,,,,,,,,,,,,,,,,,,,,
,,,,,,,,,,,,,,,,,,,,,
,,,,,,,,,,,,,,,,,,,,,
,,,,,,,,,,,,,,,,,,,,,
,,,,,,,,,,,,,,,,,,,,,
,,,,,,,,,,,,,,,,,,,,,
,,,,,,,,,,,,,,,,,,,,,
,,,,,,,,,,,,,,,,,,,,,
,,,,,,,,,,,,,,,,,,,,,
,,,,,,,,,,,,,,,,,,,,,
,,,,,,,,,,,,,,,,,,,,,
,,,,,,,,,,,,,,,,,,,,,
,,,,,,,,,,,,,,,,,,,,,
,,,,,,,,,,,,,,,,,,,,,
,,,,,,,,,,,,,,,,,,,,,
,,,,,,,,,,,,,,,,,,,,,
,,,,,,,,,,,,,,,,,,,,,
,,,,,,,,,,,,,,,,,,,,,
,,,,,,,,,,,,,,,,,,,,,
,,,,,,,,,,,,,,,,,,,,,
,,,,,,,,,,,,,,,,,,,,,
,,,,,,,,,,,,,,,,,,,,,
,,,,,,,,,,,,,,,,,,,,,
,,,,,,,,,,,,,,,,,,,,,
,,,,,,,,,,,,,,,,,,,,,
,,,,,,,,,,,,,,,,,,,,,
,,,,,,,,,,,,,,,,,,,,,
,,,,,,,,,,,,,,,,,,,,,
,,,,,,,,,,,,,,,,,,,,,
,,,,,,,,,,,,,,,,,,,,,
,,,,,,,,,,,,,,,,,,,,,
,,,,,,,,,,,,,,,,,,,,,
,,,,,,,,,,,,,,,,,,,,,
,,,,,,,,,,,,,,,,,,,,,
,,,,,,,,,,,,,,,,,,,,,
,,,,,,,,,,,,,,,,,,,,,
,,,,,,,,,,,,,,,,,,,,,
